Workbook

Sheet 2 блок
S1: 41.055
S2: 212.313
W4: 180.642
B7: ШИХТОВОЧНЫЙ ЛИСТ | M7: 419.934
A11: 59.823 | B11: Поставщики | C11: Стоимость, | D11: Состав шихты на МАЙ, % | F11: 16.422 | G11: % участия (ф. в.) | I11: 262.752 | J11: Остаток угля на открытом угольном складе, т | M11: 63.342 | N11: Расход в | O11: Запас угля, сут | P11: Влага (Wr), % | Q11: Зола (Ad), % | S11: 174.777 | U11: 52.785 | V11: Rо | W11: х, | X11: у, | Y11: сера | Z11: м.д. фосфора в золе, % | AB11: 182.988 | AK11: 170.085
A12: 60.996 | C12: 86.802 | D12: Утв. План | E12: факт (средн за период) | J12: 246.33 | K12: 2 блок | L12: ВСЕГО | M12: силосов, т | N12: сутки, т | U12: 3.519 | V12: % | W12: мм | X12: мм | Y12: % | AA12: 324.921 | AB12: зола | AC12: лет | AD12: Vt | AE12: Rо | AF12: Х,мм | AG12: У.мм | AH12: сера | AI12: фосфор | AJ12: фосфор | AK12: +6 мм | AL12: помол | AM12: пыль
F13: 17.595 | M13: =G13*$M$125/$G$125 -> 0 | N13: =SUM(M13:M14) -> 0 | O13: =IF(M13=0," ",L13/N13) | Q13: 9.2667 | S13: 39.0609 | U13: 96.186 | V13: 0.97359 | W13: 45.747 | X13: 24.633 | Y13: 0.56304 | AA13: 0.042228 | AB13: =($G13*Q13/$G$125) -> 0 | AC13: =($G13*S13/$G$125) -> 0 | AD13: =($G13*U13/$G$125) -> 0 | AE13: =($G13*V13/$G$125) -> 0 | AF13: =($G13*W13/$G$125) -> 0 | AG13: =($G13*X13/$G$125) -> 0 | AH13: =($G13*Y13/$G$125) -> 0 | AJ13: =($G13*AA13/$G$125) -> 0
F14: 17.595 | M14: =G14*$M$125/$G$125 -> 0 | AB14: =($G14*Q14/$G$125) -> 0 | AC14: =($G14*S14/$G$125) -> 0 | AD14: =($G14*U14/$G$125) -> 0 | AE14: =($G14*V14/$G$125) -> 0 | AF14: =($G14*W14/$G$125) -> 0 | AH14: =($G14*Y14/$G$125) -> 0 | AJ14: =($G14*AA14/$G$125) -> 0
B15: 184.161 | F15: 17.595 | H15: =G15*(100-P15)/100 -> 0 | I15: =H15/H$125*100 -> 0 | J15: 0 | K15: 0 | L15: =SUM(J15:K15) -> 0 | M15: =G15*$M$125/$G$125 -> 0 | N15: =SUM(M15:M17) -> 0 | O15: =IF(N15=0," ",(J15+#REF!)/N15) | P15: 15.9528 | Q15: 8.6802 | S15: 25.9233 | U15: 90.321 | V15: 1.06743 | W15: 53.958 | X15: 18.768 | Y15: 0.64515 | AA15: 0.042228 | AB15: =($G15*Q15/$G$125) -> 0 | AC15: =($G15*S15/$G$125) -> 0 | AD15: =($G15*U15/$G$125) -> 0 | AE15: =($G15*V15/$G$125) -> 0 | AF15: =($G15*W15/$G$125) -> 0 | AG15: =($G15*X15/$G$125) -> 0 | AH15: =($G15*Y15/$G$125) -> 0 | AJ15: =($G15*AA15/$G$125) -> 0 | AL15: 82.11 | AO15: 144.279
B16: 144.279 | F16: 17.595 | M16: =G16*$M$125/$G$125 -> 0 | O16: =IF(N16=0," ",(J16+#REF!)/N16) | Q16: 8.6802 | S16: 41.055 | U16: 99.705 | V16: 1.02051 | W16: 50.439 | X16: 24.633 | Y16: 0.48093 | AA16: 0.042228 | AB16: =($G16*Q16/$G$125) -> 0 | AC16: =($G16*S16/$G$125) -> 0 | AD16: =($G16*U16/$G$125) -> 0 | AE16: =($G16*V16/$G$125) -> 0 | AF16: =($G16*W16/$G$125) -> 0 | AG16: =($G16*X16/$G$125) -> 0 | AH16: =($G16*Y16/$G$125) -> 0 | AJ16: =($G16*AA16/$G$125) -> 0
B17: 144.279 | F17: 17.595 | M17: =G17*$M$125/$G$125 -> 0 | O17: =IF(N17=0," ",(J17+#REF!+K17)/N17) | Q17: 10.3224 | S17: 41.055 | U17: 90.321 | V17: 1.06743 | W17: 53.958 | X17: 18.768 | Y17: 0.64515 | AA17: 0.042228 | AB17: =($G17*Q17/$G$125) -> 0 | AC17: =($G17*S17/$G$125) -> 0 | AD17: =($G17*U17/$G$125) -> 0 | AE17: =($G17*V17/$G$125) -> 0 | AF17: =($G17*W17/$G$125) -> 0 | AG17: =($G17*X17/$G$125) -> 0 | AH17: =($G17*Y17/$G$125) -> 0 | AJ17: =($G17*AA17/$G$125) -> 0 | AO17: 144.279
B18: 231.081 | C18: 12915.199 | F18: 17.595 | J18: 0 | K18: 0 | L18: =SUM(J18:K18) -> 0 | M18: =G18*$M$125/$G$125 -> 0 | N18: =SUM(M18:M19) -> 0 | O18: =IF(N18=0," ",(J18+#REF!+K18)/N18) | Q18: 9.384 | S18: 41.2896 | U18: 99.705 | V18: 0.98532 | W18: 51.612 | X18: 23.46 | Y18: 0.4692 | AA18: 0.042228 | AB18: =($G18*Q18/$G$125) -> 0 | AC18: =($G18*S18/$G$125) -> 0 | AD18: =($G18*U18/$G$125) -> 0 | AE18: =($G18*V18/$G$125) -> 0 | AF18: =($G18*W18/$G$125) -> 0 | AG18: =($G18*X18/$G$125) -> 0 | AH18: =($G18*Y18/$G$125) -> 0 | AJ18: =($G18*AA18/$G$125) -> 0
A19: 232.254 | B19: Щедрухинская ГЖ (ш.Есаульская) | C19: 12915.199 | F19: 17.595 | M19: =G19*$M$125/$G$125 -> 0 | O19: =IF(N19=0," ",(J19+#REF!+K19)/N19) | Q19: 7.9764 | S19: 41.5242 | U19: 99.705 | V19: 0.98532 | W19: 51.612 | X19: 23.46 | Y19: 0.4692 | AA19: 0.042228 | AB19: =($G19*Q19/$G$125) -> 0 | AC19: =($G19*S19/$G$125) -> 0 | AD19: =($G19*U19/$G$125) -> 0 | AE19: =($G19*V19/$G$125) -> 0 | AF19: =($G19*W19/$G$125) -> 0 | AG19: =($G19*X19/$G$125) -> 0 | AH19: =($G19*Y19/$G$125) -> 0 | AJ19: =($G19*AA19/$G$125) -> 0
A20: 290.904 | B20: Распадская ГЖ | C20: 11436.386 | D20: 11.73 | E20: 11.183673 | F20: ГЖ | G20: 14.076 | J20: 2500 | K20: 3100 | L20: =SUM(J20:K20) -> 5600 | M20: =G20*M125/G125 -> 378.855 | N20: =SUM(M20:M21) -> 378.855 | O20: =IF(N20=0," ",(K20)/N20) -> 8.1825501 | Q20: 8.9148 | S20: 41.2896 | U20: 102.051 | V20: 1.06743 | W20: 39.882 | X20: 29.325 | Y20: 0.83283 | Z20: 0.804678 | AA20: 0.0619344 | AB20: =($G20*Q20/$G$125) -> 0.912 | AC20: =($G20*S20/$G$125) -> 4.224 | AD20: =($G20*U20/$G$125) -> 10.44 | AE20: =($G20*V20/$G$125) -> 0.1092 | AF20: =($G20*W20/$G$125) -> 4.08 | AG20: =($G20*X20/$G$125) -> 3 | AH20: =($G20*Y20/$G$125) -> 0.0852 | AI20: =($G20*Z20/$G$125) -> 0.08232 | AJ20: =($G20*AA20/$G$125) -> 0.006336 | AK20: 7.7418 | AL20: 82.11 | AO20: 152.49
A21: 232.254 | B21: Распадская ГЖ | C21: 11436.386 | F21: 17.595 | L21: =SUM(J21:K21) -> 0 | M21: =$M$125*G21/G125 -> 0 | O21: =IF(N21=0," ",(K21)/N21) | Q21: 8.5629 | S21: 41.4069 | U21: 102.051 | V21: 1.06743 | W21: 39.882 | X21: 29.325 | Y21: 0.83283 | Z21: 0.804678 | AA21: 0.0619344 | AB21: =($G21*Q21/$G$125) -> 0 | AC21: =($G21*S21/$G$125) -> 0 | AD21: =($G21*U21/$G$125) -> 0 | AE21: =($G21*V21/$G$125) -> 0 | AF21: =($G21*W21/$G$125) -> 0 | AG21: =($G21*X21/$G$125) -> 0 | AH21: =($G21*Y21/$G$125) -> 0 | AI21: =($G21*Z21/$G$125) -> 0 | AJ21: =($G21*AA21/$G$125) -> 0 | AO21: 152.49
B22: 112.608 | C22: 9532.5605 | F22: 37.536 | H22: =G22*(100-P22)/100 -> 0 | I22: =H22/H$125*100 -> 0 | K22: 0 | L22: =SUM(J22:K22) -> 0 | M22: =$M$125*G22/G125 -> 0 | N22: =SUM(M22:M24) -> 0 | O22: =IF(N22=0," ",(K22)/N22) | P22: 11.73 | Q22: 10.6743 | S22: 37.1841 | U22: 104.397 | V22: 0.96186 | W22: 38.709 | X22: 31.671 | Y22: 0.49266 | AA22: 0.032844 | AB22: =($G22*Q22/$G$125) -> 0 | AC22: =($G22*S22/$G$125) -> 0 | AD22: =($G22*U22/$G$125) -> 0 | AE22: =($G22*V22/$G$125) -> 0 | AF22: =($G22*W22/$G$125) -> 0 | AG22: =($G22*X22/$G$125) -> 0 | AH22: =($G22*Y22/$G$125) -> 0 | AI22: =($G22*Z22/$G$125) -> 0 | AJ22: =($G22*AA22/$G$125) -> 0 | AK22: 3.1671 | AL22: 103.5759 | AO22: 72.726 | AV22: 116.127 | AW22: 39.0609 | AX22: 118.473 | AZ22: 9.5013 | BA22: 40.4685 | BB22: 105.57
A23: 12 шт | B23: Кузнецкая ГЖ+Ж | C23: 9532.5605 | F23: 37.536 | L23: =SUM(J23:K23) -> 0 | M23: =G23*M125/G125 -> 0 | O23: =IF(N23=0," ",(K23)/N23) | Q23: 9.7359 | S23: 38.5917 | U23: 104.397 | V23: 0.96186 | W23: 38.709 | X23: 31.671 | Y23: 0.52785 | AA23: 0.032844 | AB23: =($G23*Q23/$G$125) -> 0 | AC23: =($G23*S23/$G$125) -> 0 | AD23: =($G23*U23/$G$125) -> 0 | AE23: =($G23*V23/$G$125) -> 0 | AF23: =($G23*W23/$G$125) -> 0 | AG23: =($G23*X23/$G$125) -> 0 | AH23: =($G23*Y23/$G$125) -> 0 | AI23: =($G23*Z23/$G$125) -> 0 | AJ23: =($G23*AA23/$G$125) -> 0 | AO23: 5.865
B24: 112.608 | C24: 9532.5605 | F24: 37.536 | L24: =SUM(J24:K24) -> 0 | M24: =G24*M125/G125 -> 0 | O24: =IF(N24=0," ",(K24)/N24) | U24: 102.051 | V24: 1.0557 | AB24: =($G24*Q24/$G$125) -> 0 | AC24: =($G24*S24/$G$125) -> 0 | AD24: =($G24*U24/$G$125) -> 0 | AE24: =($G24*V24/$G$125) -> 0 | AF24: =($G24*W24/$G$125) -> 0 | AG24: =($G24*X24/$G$125) -> 0 | AH24: =($G24*Y24/$G$125) -> 0 | AI24: =($G24*Z24/$G$125) -> 0 | AJ24: =($G24*AA24/$G$125) -> 0 | AO24: 5.865
A25: 124.338 | B25: Уголь + добавки | F25: 37.536 | K25: 19600 | L25: =SUM(J25:K25) -> 19600 | M25: =G25*M125/G125 -> 0 | O25: =IF(N25=0," ",(K25)/N25) | Q25: 9.8532 | S25: 36.363 | U25: 99.705 | V25: 1.02051 | W25: 17.595 | X25: 36.363 | Y25: 0.5865 | AB25: =($G25*Q25/$G$125) -> 0 | AC25: =($G25*S25/$G$125) -> 0 | AD25: =($G25*U25/$G$125) -> 0 | AE25: =($G25*V25/$G$125) -> 0 | AF25: =($G25*W25/$G$125) -> 0 | AG25: =($G25*X25/$G$125) -> 0 | AH25: =($G25*Y25/$G$125) -> 0 | AI25: =($G25*Z25/$G$125) -> 0 | AJ25: =($G25*AA25/$G$125) -> 0 | AO25: 147.798
B26: 100.878 | F26: 37.536 | L26: =SUM(J26:K26) -> 0 | M26: =G26*$M$125/$G$125 -> 0 | N26: =SUM(M26:M27) -> 0 | O26: =IF(N26=0," ",(K26)/N26) | Q26: 7.8591 | S26: 40.4685 | U26: 103.224 | V26: 0.98532 | W26: 51.612 | X26: 28.152 | Y26: 0.49266 | AA26: 0.032844 | AB26: =($G26*Q26/$G$125) -> 0 | AC26: =($G26*S26/$G$125) -> 0 | AD26: =($G26*U26/$G$125) -> 0 | AE26: =($G26*V26/$G$125) -> 0 | AF26: =($G26*W26/$G$125) -> 0 | AG26: =($G26*X26/$G$125) -> 0 | AH26: =($G26*Y26/$G$125) -> 0 | AI26: =($G26*Z26/$G$125) -> 0 | AJ26: =($G26*AA26/$G$125) -> 0 | AL26: 82.11 | AO26: 100.878
F27: 37.536 | L27: =SUM(J27:K27) -> 0 | M27: =G27*$M$125/$G$125 -> 0 | O27: =IF(N27=0," ",(K27)/N27) | AB27: =($G27*Q27/$G$125) -> 0 | AC27: =($G27*S27/$G$125) -> 0 | AD27: =($G27*U27/$G$125) -> 0 | AE27: =($G27*V27/$G$125) -> 0 | AF27: =($G27*W27/$G$125) -> 0 | AG27: =($G27*X27/$G$125) -> 0 | AH27: =($G27*Y27/$G$125) -> 0 | AI27: =($G27*Z27/$G$125) -> 0 | AJ27: =($G27*AA27/$G$125) -> 0
B28: 186.507 | F28: 37.536 | L28: =SUM(J28:K28) -> 0 | M28: =G28*$M$125/$G$125 -> 0 | N28: =SUM(M28:M29) -> 0 | O28: =IF(N28=0," ",(K28)/N28) | Q28: 8.3283 | S28: 39.6474 | U28: 100.878 | V28: 1.00878 | W28: 38.709 | X28: 32.844 | Y28: 0.71553 | AA28: 0.032844 | AB28: =($G28*Q28/$G$125) -> 0 | AC28: =($G28*S28/$G$125) -> 0 | AD28: =($G28*U28/$G$125) -> 0 | AE28: =($G28*V28/$G$125) -> 0 | AF28: =($G28*W28/$G$125) -> 0 | AG28: =($G28*X28/$G$125) -> 0 | AH28: =($G28*Y28/$G$125) -> 0 | AI28: =($G28*Z28/$G$125) -> 0 | AJ28: =($G28*AA28/$G$125) -> 0 | AL28: 82.11 | AO28: 186.507
F29: 37.536 | L29: =SUM(J29:K29) -> 0 | M29: =G29*$M$125/$G$125 -> 0 | O29: =IF(N29=0," ",(K29)/N29) | AB29: =($G29*Q29/$G$125) -> 0 | AC29: =($G29*S29/$G$125) -> 0 | AD29: =($G29*U29/$G$125) -> 0 | AE29: =($G29*V29/$G$125) -> 0 | AF29: =($G29*W29/$G$125) -> 0 | AG29: =($G29*X29/$G$125) -> 0 | AH29: =($G29*Y29/$G$125) -> 0 | AI29: =($G29*Z29/$G$125) -> 0 | AJ29: =($G29*AA29/$G$125) -> 0
B30: 125.511 | F30: 4.692 | L30: =SUM(J30:K30) -> 0 | M30: =$M$125*G30/$G$125 -> 0 | N30: =SUM(M30:M31) -> 0 | O30: =IF(N30=0," ",(K30)/N30) | Q30: 10.3224 | S30: 41.1723 | U30: 104.397 | V30: 1.02051 | X30: 32.844 | Y30: 0.8211 | AB30: =($G30*Q30/$G$125) -> 0 | AC30: =($G30*S30/$G$125) -> 0 | AD30: =($G30*U30/$G$125) -> 0 | AE30: =($G30*V30/$G$125) -> 0 | AF30: =($G30*W30/$G$125) -> 0 | AG30: =($G30*X30/$G$125) -> 0 | AH30: =($G30*Y30/$G$125) -> 0 | AI30: =($G30*Z30/$G$125) -> 0 | AJ30: =($G30*AA30/$G$125) -> 0 | AO30: 125.511
B31: 125.511 | F31: 4.692 | L31: =SUM(J31:K31) -> 0 | M31: =$M$125*G31/$G$125 -> 0 | O31: =IF(N31=0," ",(K31)/N31) | Q31: 10.3224 | S31: 41.1723 | U31: 104.397 | V31: 1.02051 | X31: 32.844 | Y31: 0.83283 | AB31: =($G31*Q31/$G$125) -> 0 | AC31: =($G31*S31/$G$125) -> 0 | AD31: =($G31*U31/$G$125) -> 0 | AE31: =($G31*V31/$G$125) -> 0 | AF31: =($G31*W31/$G$125) -> 0 | AG31: =($G31*X31/$G$125) -> 0 | AH31: =($G31*Y31/$G$125) -> 0 | AI31: =($G31*Z31/$G$125) -> 0 | AJ31: =($G31*AA31/$G$125) -> 0 | AO31: 125.511
B32: 294.423 | C32: 15261.199 | E32: 0 | F32: Ж | J32: 0 | K32: 0 | L32: =SUM(J32:K32) -> 0 | M32: =$M$125*G32/G125 -> 0 | N32: =SUM(M32:M34) -> 0 | O32: =IF(N32=0," ",(K32)/N32) | Q32: 8.4456 | S32: 37.4187 | U32: 110.262 | V32: 1.12608 | W32: 16.422 | X32: 37.536 | Y32: 0.62169 | AA32: 0.0499698 | AB32: =($G32*Q32/$G$125) -> 0 | AC32: =($G32*S32/$G$125) -> 0 | AD32: =($G32*U32/$G$125) -> 0 | AE32: =($G32*V32/$G$125) -> 0 | AF32: =($G32*W32/$G$125) -> 0 | AG32: =($G32*X32/$G$125) -> 0 | AH32: =($G32*Y32/$G$125) -> 0 | AI32: =($G32*Z32/$G$125) -> 0 | AJ32: =($G32*AA32/$G$125) -> 0 | AL32: 60.0576 | AO32: 201.756
B33: 226.389 | F33: 4.692 | M33: =$M$125*G33/G125 -> 0 | O33: =IF(N33=0," ",(K33)/N33) | Q33: 9.9705 | S33: 35.8938 | U33: 97.359 | V33: 1.10262 | W33: 43.401 | X33: 34.017 | Y33: 0.62169 | AA33: 0.0499698 | AB33: =($G33*Q33/$G$125) -> 0 | AC33: =($G33*S33/$G$125) -> 0 | AD33: =($G33*U33/$G$125) -> 0 | AE33: =($G33*V33/$G$125) -> 0 | AF33: =($G33*W33/$G$125) -> 0 | AG33: =($G33*X33/$G$125) -> 0 | AH33: =($G33*Y33/$G$125) -> 0 | AI33: =($G33*Z33/$G$125) -> 0 | AJ33: =($G33*AA33/$G$125) -> 0
A34: 265.098 | B34: Кузнецкая (ш. Ерунаковская 8) Ж | F34: 4.692 | M34: =$M$125*G34/G125 -> 0 | O34: =IF(N34=0," ",(K34)/N34) | Q34: 8.211 | S34: 36.8322 | U34: 97.359 | V34: 1.10262 | W34: 15.249 | X34: 36.363 | Y34: 0.60996 | AA34: 0.0499698 | AB34: =($G34*Q34/$G$125) -> 0 | AC34: =($G34*S34/$G$125) -> 0 | AD34: =($G34*U34/$G$125) -> 0 | AE34: =($G34*V34/$G$125) -> 0 | AF34: =($G34*W34/$G$125) -> 0 | AG34: =($G34*X34/$G$125) -> 0 | AH34: =($G34*Y34/$G$125) -> 0 | AI34: =($G34*Z34/$G$125) -> 0 | AJ34: =($G34*AA34/$G$125) -> 0 | AK34: 9.384 | AL34: 68.1513 | AO34: 195.891
A35: 263.925 | B35: Щедрухинская Ж (ш.Юбилейная) | C35: 16434.199 | F35: 4.692 | H35: =G35*(100-P35)/100 -> 0 | I35: =H35/H$125*100 -> 0 | L35: =SUM(J35:K35) -> 0 | M35: =$M$125*G35/G125 -> 0 | N35: =SUM(M35:M38) -> 0 | O35: =IF(N35=0," ",(K35)/N35) | P35: 11.73 | Q35: 9.5013 | S35: 37.0668 | U35: 95.013 | V35: 1.13781 | W35: 24.633 | X35: 38.709 | Y35: 0.63342 | AA35: 0.0550137 | AB35: =($G35*Q35/$G$125) -> 0 | AC35: =($G35*S35/$G$125) -> 0 | AD35: =($G35*U35/$G$125) -> 0 | AE35: =($G35*V35/$G$125) -> 0 | AF35: =($G35*W35/$G$125) -> 0 | AG35: =($G35*X35/$G$125) -> 0 | AH35: =($G35*Y35/$G$125) -> 0 | AI35: =($G35*Z35/$G$125) -> 0 | AJ35: =($G35*AA35/$G$125) -> 0 | AO35: 73.899
B36: 253.368 | C36: 17607.199 | F36: 4.692 | L36: =SUM(J36:K36) -> 0 | M36: =$M$125*G36/G125 -> 0 | O36: =IF(N36=0," ",(K36)/N36) | Q36: 10.2051 | S36: 37.536 | U36: 93.84 | V36: 1.12608 | W36: 25.806 | X36: 38.709 | Y36: 0.64515 | AA36: 0.0550137 | AB36: =($G36*Q36/$G$125) -> 0 | AC36: =($G36*S36/$G$125) -> 0 | AD36: =($G36*U36/$G$125) -> 0 | AE36: =($G36*V36/$G$125) -> 0 | AF36: =($G36*W36/$G$125) -> 0 | AG36: =($G36*X36/$G$125) -> 0 | AH36: =($G36*Y36/$G$125) -> 0 | AI36: =($G36*Z36/$G$125) -> 0 | AJ36: =($G36*AA36/$G$125) -> 0 | AO36: 194.718
B37: 253.368 | C37: 17607.199 | F37: 4.692 | L37: =SUM(J37:K37) -> 0 | M37: =$M$125*G37/G125 -> 0 | O37: =IF(N37=0," ",(K37)/N37) | Q37: 9.9705 | S37: 37.3014 | U37: 97.359 | V37: 1.13781 | W37: 25.806 | X37: 38.709 | Y37: 0.64515 | AA37: 0.0550137 | AB37: =($G37*Q37/$G$125) -> 0 | AC37: =($G37*S37/$G$125) -> 0 | AD37: =($G37*U37/$G$125) -> 0 | AE37: =($G37*V37/$G$125) -> 0 | AF37: =($G37*W37/$G$125) -> 0 | AG37: =($G37*X37/$G$125) -> 0 | AH37: =($G37*Y37/$G$125) -> 0 | AI37: =($G37*Z37/$G$125) -> 0 | AJ37: =($G37*AA37/$G$125) -> 0
A38: 263.925 | B38: Щедрухинская Ж (ш.Юбилейная) | C38: 17607.199 | F38: 4.692 | L38: =SUM(J38:K38) -> 0 | M38: =$M$125*G38/$G$125 -> 0 | O38: =IF(N38=0," ",(K38)/N38) | Q38: 9.384 | S38: 37.0668 | U38: 95.013 | V38: 1.13781 | W38: 24.633 | X38: 38.709 | Y38: 0.63342 | AA38: 0.0550137 | AB38: =($G38*Q38/$G$125) -> 0 | AC38: =($G38*S38/$G$125) -> 0 | AD38: =($G38*U38/$G$125) -> 0 | AE38: =($G38*V38/$G$125) -> 0 | AF38: =($G38*W38/$G$125) -> 0 | AG38: =($G38*X38/$G$125) -> 0 | AH38: =($G38*Y38/$G$125) -> 0 | AI38: =($G38*Z38/$G$125) -> 0 | AJ38: =($G38*AA38/$G$125) -> 0 | AK38: 14.1933 | AL38: 87.1539 | AO38: 194.718
A39: 356.592 | B39: Кузнецкая (ш. Юбилейная) | C39: 14368.886 | D39: 22.287 | E39: 19.530612 | F39: Ж | G39: 11.73 | K39: 3000 | L39: =SUM(J39:K39) -> 3000 | M39: =$M$125*G39/$G$125 -> 315.7125 | N39: =SUM(M39:M43) -> 599.85375 | O39: =IF(N39=0," ",(K39)/N39) -> 5.0012191 | Q39: 10.0878 | S39: 37.4187 | U39: 97.359 | V39: 1.13781 | W39: 19.941 | X39: 37.536 | Y39: 0.76245 | Z39: 0.647496 | AA39: 0.0550137 | AB39: =($G39*Q39/$G$125) -> 0.86 | AC39: =($G39*S39/$G$125) -> 3.19 | AD39: =($G39*U39/$G$125) -> 8.3 | AE39: =($G39*V39/$G$125) -> 0.097 | AF39: =($G39*W39/$G$125) -> 1.7 | AG39: =($G39*X39/$G$125) -> 3.2 | AH39: =($G39*Y39/$G$125) -> 0.065 | AI39: =($G39*Z39/$G$125) -> 0.0552 | AJ39: =($G39*AA39/$G$125) -> 0.00469 | AL39: 71.9049 | AO39: 121.992
A40: 9 с/с (11 шт) | B40: Кузнецкая (ш. Юбилейная) | C40: 14368.886 | F40: 4.692 | G40: 10.557 | M40: =$M$125*G40/$G$125 -> 284.14125 | O40: =IF(N40=0," ",(K40)/N40) | Q40: 9.8532 | S40: 37.8879 | U40: 97.359 | V40: 1.13781 | W40: 19.941 | X40: 37.536 | Y40: 0.76245 | Z40: 0.764796 | AA40: 0.0550137 | AB40: =($G40*Q40/$G$125) -> 0.756 | AC40: =($G40*S40/$G$125) -> 2.907 | AD40: =($G40*U40/$G$125) -> 7.47 | AE40: =($G40*V40/$G$125) -> 0.0873 | AF40: =($G40*W40/$G$125) -> 1.53 | AG40: =($G40*X40/$G$125) -> 2.88 | AH40: =($G40*Y40/$G$125) -> 0.0585 | AI40: =($G40*Z40/$G$125) -> 0.05868 | AJ40: =($G40*AA40/$G$125) -> 0.004221
A41: 362.457 | B41: Кузнецкая (ш. Юбилейная) | C41: 14368.886 | F41: 4.692 | L41: =SUM(J41:K41) -> 0 | M41: =$M$125*G41/$G$125 -> 0 | O41: =IF(N41=0," ",(K41)/N41) | Q41: 10.2051 | S41: 38.0052 | U41: 97.359 | V41: 1.13781 | W41: 19.941 | X41: 37.536 | Y41: 0.76245 | Z41: 0.647496 | AA41: 0.0550137 | AB41: =($G41*Q41/$G$125) -> 0 | AC41: =($G41*S41/$G$125) -> 0 | AD41: =($G41*U41/$G$125) -> 0 | AE41: =($G41*V41/$G$125) -> 0 | AF41: =($G41*W41/$G$125) -> 0 | AG41: =($G41*X41/$G$125) -> 0 | AH41: =($G41*Y41/$G$125) -> 0 | AI41: =($G41*Z41/$G$125) -> 0 | AJ41: =($G41*AA41/$G$125) -> 0
A42: 265.098 | B42: Кузнецкая (ш. Юбилейная) | C42: 14368.886 | F42: 4.692 | L42: =SUM(J42:K42) -> 0 | M42: =$M$125*G42/$G$125 -> 0 | O42: =IF(N42=0," ",(K42)/N42) | Q42: 10.9089 | S42: 36.5976 | U42: 99.705 | V42: 1.10262 | W42: 17.595 | X42: 39.882 | Y42: 0.62169 | Z42: 0.647496 | AA42: 0.0550137 | AB42: =($G42*Q42/$G$125) -> 0 | AC42: =($G42*S42/$G$125) -> 0 | AD42: =($G42*U42/$G$125) -> 0 | AE42: =($G42*V42/$G$125) -> 0 | AF42: =($G42*W42/$G$125) -> 0 | AG42: =($G42*X42/$G$125) -> 0 | AH42: =($G42*Y42/$G$125) -> 0 | AI42: =($G42*Z42/$G$125) -> 0 | AJ42: =($G42*AA42/$G$125) -> 0
B43: 121.992 | C43: 14368.886 | F43: 4.692 | L43: =SUM(J43:K43) -> 0 | M43: =$M$125*G43/$G$125 -> 0 | O43: =IF(N43=0," ",(K43)/N43) | Q43: 10.3224 | S43: 36.2457 | U43: 99.705 | V43: 1.07916 | W43: 37.536 | X43: 24.633 | Y43: 0.68034 | Z43: 0.647496 | AA43: 0.0369495 | AB43: =($G43*Q43/$G$125) -> 0 | AC43: =($G43*S43/$G$125) -> 0 | AD43: =($G43*U43/$G$125) -> 0 | AE43: =($G43*V43/$G$125) -> 0 | AF43: =($G43*W43/$G$125) -> 0 | AG43: =($G43*X43/$G$125) -> 0 | AH43: =($G43*Y43/$G$125) -> 0 | AI43: =($G43*Z43/$G$125) -> 0 | AJ43: =($G43*AA43/$G$125) -> 0 | AO43: 121.992
B44: 259.233 | C44: 14368.886 | E44: 0 | F44: Ж | J44: 0 | K44: 0 | L44: =SUM(J44:K44) -> 0 | M44: =G44*$M$125/$G$125 -> 0 | N44: =SUM(M44:M46) -> 0 | O44: =IF(N44=0," ",(K44)/N44) | Q44: 10.0878 | S44: 37.6533 | U44: 98.532 | V44: 1.09089 | W44: 31.671 | X44: 36.363 | Y44: 0.69207 | Z44: 0.647496 | AA44: 0.0550137 | AB44: =($G44*Q44/$G$125) -> 0 | AC44: =($G44*S44/$G$125) -> 0 | AD44: =($G44*U44/$G$125) -> 0 | AE44: =($G44*V44/$G$125) -> 0 | AF44: =($G44*W44/$G$125) -> 0 | AG44: =($G44*X44/$G$125) -> 0 | AH44: =($G44*Y44/$G$125) -> 0 | AI44: =($G44*Z44/$G$125) -> 0 | AJ44: =($G44*AA44/$G$125) -> 0 | AK44: 29.325 | AO44: 119.646
B45: 259.233 | C45: 14368.886 | F45: 4.692 | L45: =SUM(J45:K45) -> 0 | M45: =G45*$M$125/$G$125 -> 0 | O45: =IF(N45=0," ",(K45)/N45) | Q45: 10.4397 | S45: 37.1841 | U45: 98.532 | V45: 1.09089 | W45: 31.671 | X45: 36.363 | Y45: 0.69207 | Z45: 0.647496 | AA45: 0.0550137 | AB45: =($G45*Q45/$G$125) -> 0 | AC45: =($G45*S45/$G$125) -> 0 | AD45: =($G45*U45/$G$125) -> 0 | AE45: =($G45*V45/$G$125) -> 0 | AF45: =($G45*W45/$G$125) -> 0 | AG45: =($G45*X45/$G$125) -> 0 | AH45: =($G45*Y45/$G$125) -> 0 | AI45: =($G45*Z45/$G$125) -> 0 | AJ45: =($G45*AA45/$G$125) -> 0 | AO45: 119.646
B46: 259.233 | C46: 14368.886 | F46: 4.692 | M46: =G46*$M$125/$G$125 -> 0 | O46: =IF(N46=0," ",(K46)/N46) | Q46: 10.0878 | S46: 37.6533 | U46: 98.532 | V46: 1.09089 | W46: 31.671 | X46: 36.363 | Y46: 0.69207 | Z46: 0.647496 | AA46: 0.0550137 | AB46: =($G46*Q46/$G$125) -> 0 | AC46: =($G46*S46/$G$125) -> 0 | AD46: =($G46*U46/$G$125) -> 0 | AE46: =($G46*V46/$G$125) -> 0 | AF46: =($G46*W46/$G$125) -> 0 | AG46: =($G46*X46/$G$125) -> 0 | AH46: =($G46*Y46/$G$125) -> 0 | AI46: =($G46*Z46/$G$125) -> 0 | AJ46: =($G46*AA46/$G$125) -> 0
B47: 195.891 | C47: 14368.886 | E47: 0 | F47: Ж | J47: 0 | K47: 0 | L47: =SUM(J47:K47) -> 0 | M47: =G47*$M$125/$G$125 -> 0 | N47: =SUM(M47:M50) -> 0 | O47: =IF(N47=0," ",(K47)/N47) | Q47: 9.9705 | S47: 37.81752 | U47: 97.359 | V47: 1.11435 | W47: 21.114 | X47: 36.363 | Y47: 0.80937 | Z47: 0.647496 | AA47: 0.0550137 | AB47: =($G47*Q47/$G$125) -> 0 | AC47: =($G47*S47/$G$125) -> 0 | AD47: =($G47*U47/$G$125) -> 0 | AE47: =($G47*V47/$G$125) -> 0 | AF47: =($G47*W47/$G$125) -> 0 | AG47: =($G47*X47/$G$125) -> 0 | AH47: =($G47*Y47/$G$125) -> 0 | AI47: =($G47*Z47/$G$125) -> 0 | AJ47: =($G47*AA47/$G$125) -> 0 | AO47: 119.646
B48: 195.891 | C48: 14261.803 | F48: 4.692 | M48: =G48*$M$125/$G$125 -> 0 | O48: =IF(N48=0," ",(K48)/N48) | Q48: 9.1494 | S48: 37.58292 | U48: 97.359 | V48: 1.11435 | W48: 21.114 | X48: 36.363 | Y48: 0.80937 | Z48: 0.647496 | AB48: =($G48*Q48/$G$125) -> 0 | AC48: =($G48*S48/$G$125) -> 0 | AD48: =($G48*U48/$G$125) -> 0 | AE48: =($G48*V48/$G$125) -> 0 | AF48: =($G48*W48/$G$125) -> 0 | AG48: =($G48*X48/$G$125) -> 0 | AH48: =($G48*Y48/$G$125) -> 0 | AI48: =($G48*Z48/$G$125) -> 0
B49: 195.891 | C49: 14261.803 | F49: 4.692 | M49: =G49*$M$125/$G$125 -> 0 | O49: =IF(N49=0," ",(K49)/N49) | Q49: 9.7359 | S49: 39.0609 | U49: 97.359 | V49: 1.11435 | W49: 21.114 | X49: 36.363 | Y49: 0.80937 | Z49: 0.647496 | AB49: =($G49*Q49/$G$125) -> 0 | AC49: =($G49*S49/$G$125) -> 0 | AD49: =($G49*U49/$G$125) -> 0 | AE49: =($G49*V49/$G$125) -> 0 | AF49: =($G49*W49/$G$125) -> 0 | AG49: =($G49*X49/$G$125) -> 0 | AH49: =($G49*Y49/$G$125) -> 0 | AI49: =($G49*Z49/$G$125) -> 0
A50: 362.457 | B50: Щедрухинская (ш. Юбилейная) | C50: 14137.934 | F50: 4.692 | L50: =SUM(J50:K50) -> 0 | M50: =G50*$M$125/$G$125 -> 0 | O50: =IF(N50=0," ",(K50)/N50) | Q50: 9.7359 | S50: 39.0609 | U50: 97.359 | V50: 1.11435 | W50: 21.114 | X50: 36.363 | Y50: 0.80937 | Z50: 0.647496 | AA50: 0.014076 | AB50: =($G50*Q50/$G$125) -> 0 | AC50: =($G50*S50/$G$125) -> 0 | AD50: =($G50*U50/$G$125) -> 0 | AE50: =($G50*V50/$G$125) -> 0 | AF50: =($G50*W50/$G$125) -> 0 | AG50: =($G50*X50/$G$125) -> 0 | AH50: =($G50*Y50/$G$125) -> 0 | AI50: =($G50*Z50/$G$125) -> 0 | AJ50: =($G50*AA50/$G$125) -> 0 | AO50: 119.646
B51: 137.241 | F51: 4.692 | L51: =SUM(J51:K51) -> 0 | M51: =$M$125*G51/$G$125 -> 0 | N51: =SUM(M51) -> 0 | O51: =IF(N51=0," ",(K51)/N51) | Q51: 9.5013 | S51: 34.7208 | U51: 104.397 | V51: 1.12608 | X51: 39.882 | Y51: 0.60996 | AB51: =($G51*Q51/$G$125) -> 0 | AC51: =($G51*S51/$G$125) -> 0 | AD51: =($G51*U51/$G$125) -> 0 | AE51: =($G51*V51/$G$125) -> 0 | AF51: =($G51*W51/$G$125) -> 0 | AG51: =($G51*X51/$G$125) -> 0 | AH51: =($G51*Y51/$G$125) -> 0 | AI51: =($G51*Z51/$G$125) -> 0 | AJ51: =($G51*AA51/$G$125) -> 0 | AO51: 137.241
B52: 266.271 | C52: 15805.014 | F52: 4.692 | J52: 0 | K52: 0 | L52: =SUM(J52:K52) -> 0 | M52: =G52*$M$125/$G$125 -> 0 | N52: =SUM(M52:M53) -> 0 | O52: =IF(N52=0," ",(K52)/N52) | Q52: 9.6186 | S52: 40.1166 | U52: 111.435 | V52: 1.04397 | W52: 23.46 | X52: 49.266 | Y52: 0.42228 | AA52: 0.0004692 | AB52: =($G52*Q52/$G$125) -> 0 | AC52: =($G52*S52/$G$125) -> 0 | AD52: =($G52*U52/$G$125) -> 0 | AE52: =($G52*V52/$G$125) -> 0 | AF52: =($G52*W52/$G$125) -> 0 | AG52: =($G52*X52/$G$125) -> 0 | AH52: =($G52*Y52/$G$125) -> 0 | AI52: =($G52*Z52/$G$125) -> 0 | AJ52: =($G52*AA52/$G$125) -> 0 | AK52: 20.8794 | AL52: 82.11 | AO52: 141.933
B53: 266.271 | C53: 15805.014 | F53: 4.692 | M53: =G53*$M$125/$G$125 -> 0 | O53: =IF(N53=0," ",(K53)/N53) | Q53: 4.3401 | S53: 43.1664 | U53: 111.435 | V53: 1.04397 | W53: 23.46 | X53: 49.266 | Y53: 0.42228 | AA53: 0.0004692 | AB53: =($G53*Q53/$G$125) -> 0 | AC53: =($G53*S53/$G$125) -> 0 | AD53: =($G53*U53/$G$125) -> 0 | AE53: =($G53*V53/$G$125) -> 0 | AF53: =($G53*W53/$G$125) -> 0 | AG53: =($G53*X53/$G$125) -> 0 | AH53: =($G53*Y53/$G$125) -> 0 | AI53: =($G53*Z53/$G$125) -> 0 | AJ53: =($G53*AA53/$G$125) -> 0
A54: 348.381 | B54: Кузнецкая (ш.Осинниковская) | C54: 13088.803 | E54: 0 | F54: Ж | J54: 0 | K54: 0 | L54: =SUM(J54:K54) -> 0 | M54: =G54*$M$125/$G$125 -> 0 | N54: =SUM(M54:M57) -> 0 | O54: =IF(N54=0," ",(K54)/N54) | Q54: 9.9705 | S54: 36.1284 | U54: 96.186 | V54: 1.13781 | W54: 21.114 | X54: 36.363 | Y54: 0.68034 | Z54: 0.564213 | AA54: 0.0369495 | AB54: =($G54*Q54/$G$125) -> 0 | AC54: =($G54*S54/$G$125) -> 0 | AD54: =($G54*U54/$G$125) -> 0 | AE54: =($G54*V54/$G$125) -> 0 | AF54: =($G54*W54/$G$125) -> 0 | AG54: =($G54*X54/$G$125) -> 0 | AH54: =($G54*Y54/$G$125) -> 0 | AI54: =($G54*Z54/$G$125) -> 0 | AJ54: =($G54*AA54/$G$125) -> 0 | AO54: 148.971
A55: 3 с/с (прямой парк, 11 шт. от 12) | B55: Кузнецкая (ш.Осинниковская) | F55: 4.692 | M55: =G55*$M$125/$G$125 -> 0 | O55: =IF(N55=0," ",(K55)/N55) | Q55: 8.5629 | S55: 35.8938 | U55: 99.705 | V55: 1.18473 | W55: 17.595 | X55: 35.19 | Y55: 0.63342 | AA55: 0.0369495 | AB55: =($G55*Q55/$G$125) -> 0 | AC55: =($G55*S55/$G$125) -> 0 | AD55: =($G55*U55/$G$125) -> 0 | AE55: =($G55*V55/$G$125) -> 0 | AF55: =($G55*W55/$G$125) -> 0 | AG55: =($G55*X55/$G$125) -> 0 | AH55: =($G55*Y55/$G$125) -> 0 | AI55: =($G55*Z55/$G$125) -> 0 | AJ55: =($G55*AA55/$G$125) -> 0
B56: 121.992 | F56: 4.692 | M56: =G56*$M$125/$G$125 -> 0 | O56: =IF(N56=0," ",(K56)/N56) | Q56: 8.6802 | S56: 35.5419 | U56: 99.705 | V56: 1.18473 | W56: 17.595 | X56: 35.19 | Y56: 0.63342 | AA56: 0.0369495 | AB56: =($G56*Q56/$G$125) -> 0 | AC56: =($G56*S56/$G$125) -> 0 | AD56: =($G56*U56/$G$125) -> 0 | AE56: =($G56*V56/$G$125) -> 0 | AF56: =($G56*W56/$G$125) -> 0 | AG56: =($G56*X56/$G$125) -> 0 | AH56: =($G56*Y56/$G$125) -> 0 | AI56: =($G56*Z56/$G$125) -> 0 | AJ56: =($G56*AA56/$G$125) -> 0
A57: 265.098 | B57: Кузнецкая (ш.Осинниковская) | F57: 4.692 | L57: =SUM(J57:K57) -> 0 | M57: =G57*$M$125/$G$125 -> 0 | O57: =IF(N57=0," ",(K57)/N57) | Q57: 8.6802 | S57: 35.5419 | U57: 96.186 | V57: 1.13781 | W57: 17.595 | X57: 35.19 | Y57: 0.63342 | AA57: 0.0369495 | AB57: =($G57*Q57/$G$125) -> 0 | AC57: =($G57*S57/$G$125) -> 0 | AD57: =($G57*U57/$G$125) -> 0 | AE57: =($G57*V57/$G$125) -> 0 | AF57: =($G57*W57/$G$125) -> 0 | AG57: =($G57*X57/$G$125) -> 0 | AH57: =($G57*Y57/$G$125) -> 0 | AI57: =($G57*Z57/$G$125) -> 0 | AJ57: =($G57*AA57/$G$125) -> 0
B58: 337.824 | C58: 13632.066 | E58: 0 | F58: Ж | J58: 0 | K58: 0 | L58: =SUM(J58:K58) -> 0 | M58: =G58*$M$125/$G$125 -> 0 | N58: =SUM(M58:M59) -> 0 | O58: =IF(N58=0," ",(K58)/N58) | Q58: 8.9148 | S58: 35.7765 | U58: 92.667 | V58: 1.176519 | W58: 34.017 | X58: 25.806 | Y58: 0.72726 | Z58: 0.236946 | AB58: =($G58*Q58/$G$125) -> 0 | AC58: =($G58*S58/$G$125) -> 0 | AD58: =($G58*U58/$G$125) -> 0 | AE58: =($G58*V58/$G$125) -> 0 | AF58: =($G58*W58/$G$125) -> 0 | AG58: =($G58*X58/$G$125) -> 0 | AH58: =($G58*Y58/$G$125) -> 0 | AI58: =($G58*Z58/$G$125) -> 0 | AJ58: =($G58*AA58/$G$125) -> 0 | AO58: 129.03
A59: 12 шт от 13 первичный | B59: Печерская 2Ж | C59: 13142.89 | F59: 4.692 | L59: =SUM(J59:K59) -> 0 | M59: =G59*$M$125/$G$125 -> 0 | O59: =IF(N59=0," ",(K59)/N59) | Q59: 9.0321 | S59: 35.8938 | U59: 92.667 | V59: 1.176519 | W59: 34.017 | X59: 25.806 | Y59: 0.72726 | Z59: 0.24633 | AB59: =($G59*Q59/$G$125) -> 0 | AC59: =($G59*S59/$G$125) -> 0 | AD59: =($G59*U59/$G$125) -> 0 | AE59: =($G59*V59/$G$125) -> 0 | AF59: =($G59*W59/$G$125) -> 0 | AG59: =($G59*X59/$G$125) -> 0 | AH59: =($G59*Y59/$G$125) -> 0 | AI59: =($G59*Z59/$G$125) -> 0 | AJ59: =($G59*AA59/$G$125) -> 0
A60: 185.334 | B60: Краснокаменская Ж | F60: 4.692 | L60: =SUM(J60:K60) -> 0 | M60: =G60*$M$125/$G$125 -> 0 | N60: =SUM(M60) -> 0 | O60: =IF(N60=0," ",(K60)/N60) | Q60: 9.8532 | S60: 34.4862 | U60: 73.899 | V60: 1.11435 | W60: 50.439 | X60: 19.941 | Y60: 0.50439 | AB60: =($G60*Q60/$G$125) -> 0 | AC60: =($G60*S60/$G$125) -> 0 | AD60: =($G60*U60/$G$125) -> 0 | AE60: =($G60*V60/$G$125) -> 0 | AF60: =($G60*W60/$G$125) -> 0 | AG60: =($G60*X60/$G$125) -> 0 | AH60: =($G60*Y60/$G$125) -> 0 | AI60: =($G60*Z60/$G$125) -> 0 | AJ60: =($G60*AA60/$G$125) -> 0 | AK60: 21.3486 | AL60: 80.3505 | AO60: 163.047
A61: 388.263 | B61: Краснокаменская КЖ | C61: 12389.156 | D61: 35.19 | E61: 25.142857 | F61: КЖ | G61: 5.865 | H61: =G61*(100-P61)/100 -> 4.37 | I61: =H61/H$125*100 -> 11.463197 | K61: 5000 | L61: =SUM(J61:K61) -> 5000 | M61: =G61*$M$125/$G$125 -> 157.85625 | N61: =SUM(M61:M66) -> 726.13875 | O61: =IF(N61=0," ",(K61)/N61) -> 6.8857364 | P61: 14.7798 | Q61: 7.7418 | S61: 33.6651 | T61: 32.0229 | U61: 69.207 | V61: 1.18473 | W61: 45.747 | X61: 19.941 | Y61: 0.49266 | Z61: 0.769488 | AA61: 0.09384 | AB61: =($G61*Q61/$G$125) -> 0.33 | AC61: =($G61*S61/$G$125) -> 1.435 | AD61: =($G61*U61/$G$125) -> 2.95 | AE61: =($G61*V61/$G$125) -> 0.0505 | AF61: =($G61*W61/$G$125) -> 1.95 | AG61: =($G61*X61/$G$125) -> 0.85 | AH61: =($G61*Y61/$G$125) -> 0.021 | AI61: =($G61*Z61/$G$125) -> 0.0328 | AJ61: =($G61*AA61/$G$125) -> 0.004 | AL61: 35.4246 | AO61: 138.414
A62: 389.436 | B62: Краснокаменская КЖ | C62: 12389.156 | F62: 123.165 | G62: 5.865 | H62: =G62*(100-P62)/100 -> 4.37 | I62: =H62/H$125*100 -> 11.463197 | M62: =G62*$M$125/$G$125 -> 157.85625 | O62: =IF(N62=0," ",(K62)/N62) | P62: 14.7798 | Q62: 7.9764 | S62: 32.4921 | T62: 31.671 | U62: 69.207 | V62: 1.18473 | W62: 45.747 | X62: 19.941 | Y62: 0.49266 | Z62: 0.769488 | AA62: 0.09384 | AB62: =($G62*Q62/$G$125) -> 0.34 | AC62: =($G62*S62/$G$125) -> 1.385 | AD62: =($G62*U62/$G$125) -> 2.95 | AE62: =($G62*V62/$G$125) -> 0.0505 | AF62: =($G62*W62/$G$125) -> 1.95 | AG62: =($G62*X62/$G$125) -> 0.85 | AH62: =($G62*Y62/$G$125) -> 0.021 | AI62: =($G62*Z62/$G$125) -> 0.0328 | AJ62: =($G62*AA62/$G$125) -> 0.004 | AO62: 138.414
A63: 390.609 | B63: Краснокаменская КЖ | C63: 12389.156 | F63: 123.165 | G63: 15.249 | H63: =G63*(100-P63)/100 -> 11.362 | I63: =H63/H$125*100 -> 29.804312 | L63: =SUM(J63:K63) -> 0 | M63: =$M$125*G63/$G$125 -> 410.42625 | O63: =IF(N63=0," ",(K63)/N63) | P63: 14.7798 | Q63: 7.5072 | S63: 33.6651 | T63: 31.671 | U63: 69.207 | V63: 1.18473 | W63: 45.747 | X63: 19.941 | Y63: 0.49266 | Z63: 0.769488 | AA63: 0.09384 | AB63: =($G63*Q63/$G$125) -> 0.832 | AC63: =($G63*S63/$G$125) -> 3.731 | AD63: =($G63*U63/$G$125) -> 7.67 | AE63: =($G63*V63/$G$125) -> 0.1313 | AF63: =($G63*W63/$G$125) -> 5.07 | AG63: =($G63*X63/$G$125) -> 2.21 | AH63: =($G63*Y63/$G$125) -> 0.0546 | AI63: =($G63*Z63/$G$125) -> 0.08528 | AJ63: =($G63*AA63/$G$125) -> 0.0104 | AK63: 21.3486 | AL63: 35.4246 | AO63: 138.414
A64: 13 шт | B64: Краснокаменская КЖ | C64: 12389.156 | F64: 123.165 | M64: =G64*$M$125/$G$125 -> 0 | O64: =IF(N64=0," ",(K64)/N64) | Q64: 7.8591 | S64: 33.3132 | U64: 69.207 | V64: 1.18473 | W64: 45.747 | X64: 19.941 | Y64: 0.49266 | Z64: 0.769488 | AA64: 0.09384 | AB64: =($G64*Q64/$G$125) -> 0 | AC64: =($G64*S64/$G$125) -> 0 | AD64: =($G64*U64/$G$125) -> 0 | AE64: =($G64*V64/$G$125) -> 0 | AF64: =($G64*W64/$G$125) -> 0 | AG64: =($G64*X64/$G$125) -> 0 | AH64: =($G64*Y64/$G$125) -> 0 | AI64: =($G64*Z64/$G$125) -> 0 | AJ64: =($G64*AA64/$G$125) -> 0
A65: 350.727 | B65: Краснокаменская КЖ | C65: 12279.034 | F65: 123.165 | M65: =G65*$M$125/$G$125 -> 0 | O65: =IF(N65=0," ",(K65)/N65) | Q65: 9.9705 | S65: 32.6094 | U65: 62.169 | V65: 1.19646 | W65: 53.958 | X65: 21.114 | Y65: 0.43401 | Z65: 0.769488 | AA65: 0.09384 | AB65: =($G65*Q65/$G$125) -> 0 | AC65: =($G65*S65/$G$125) -> 0 | AD65: =($G65*U65/$G$125) -> 0 | AE65: =($G65*V65/$G$125) -> 0 | AF65: =($G65*W65/$G$125) -> 0 | AG65: =($G65*X65/$G$125) -> 0 | AH65: =($G65*Y65/$G$125) -> 0 | AI65: =($G65*Z65/$G$125) -> 0 | AJ65: =($G65*AA65/$G$125) -> 0
B66: 138.414 | C66: 12306.002 | F66: 123.165 | M66: =$M$125*G66/$G$125 -> 0 | O66: =IF(N66=0," ",(K66)/N66) | Q66: 9.9705 | S66: 31.9056 | U66: 72.726 | V66: 1.19646 | W66: 56.304 | X66: 18.768 | Y66: 0.43401 | AA66: 0.09384 | AB66: =($G66*Q66/$G$125) -> 0 | AC66: =($G66*S66/$G$125) -> 0 | AD66: =($G66*U66/$G$125) -> 0 | AE66: =($G66*V66/$G$125) -> 0 | AF66: =($G66*W66/$G$125) -> 0 | AG66: =($G66*X66/$G$125) -> 0 | AH66: =($G66*Y66/$G$125) -> 0 | AI66: =($G66*Z66/$G$125) -> 0 | AJ66: =($G66*AA66/$G$125) -> 0 | AO66: 138.414
B67: 346.035 | C67: 14266.178 | E67: 0 | F67: К | H67: =G67*(100-P67)/100 -> 0 | I67: =H67/H$125*100 -> 0 | J67: 0 | K67: 0 | L67: =SUM(J67:K67) -> 0 | M67: =$M$125*G67/$G$125 -> 0 | N67: =SUM(M67:M71) -> 0 | O67: =IF(N67=0," ",(K67)/N67) | P67: 12.903 | Q67: 13.4895 | S67: 20.1756 | U67: 68.034 | V67: 1.77123 | W67: 35.19 | X67: 14.076 | Y67: 0.2346 | Z67: 0.25806 | AA67: 0.004692 | AB67: =($G67*Q67/$G$125) -> 0 | AC67: =($G67*S67/$G$125) -> 0 | AD67: =($G67*U67/$G$125) -> 0 | AE67: =($G67*V67/$G$125) -> 0 | AF67: =($G67*W67/$G$125) -> 0 | AG67: =($G67*X67/$G$125) -> 0 | AH67: =($G67*Y67/$G$125) -> 0 | AI67: =($G67*Z67/$G$125) -> 0 | AJ67: =($G67*AA67/$G$125) -> 0 | AK67: 14.8971 | AL67: 74.3682 | AO67: 114.954
A68: 373.014 | B68: ГОК Денисовский К9 | C68: 13809.729 | F68: 19.941 | H68: =G68*(100-P68)/100 -> 0 | I68: =H68/H$125*100 -> 0 | L68: =SUM(J68:K68) -> 0 | M68: =$M$125*G68/$G$125 -> 0 | O68: =IF(N68=0," ",(K68)/N68) | P68: 12.903 | Q68: 13.8414 | S68: 22.0524 | U68: 68.034 | V68: 1.77123 | W68: 37.536 | X68: 12.903 | Y68: 0.26979 | Z68: 0.25806 | AA68: 0.004692 | AB68: =($G68*Q68/$G$125) -> 0 | AC68: =($G68*S68/$G$125) -> 0 | AD68: =($G68*U68/$G$125) -> 0 | AE68: =($G68*V68/$G$125) -> 0 | AF68: =($G68*W68/$G$125) -> 0 | AG68: =($G68*X68/$G$125) -> 0 | AH68: =($G68*Y68/$G$125) -> 0 | AI68: =($G68*Z68/$G$125) -> 0 | AJ68: =($G68*AA68/$G$125) -> 0 | AK68: 14.8971 | AL68: 89.3826 | AO68: 114.954
B69: 346.035 | C69: 13809.729 | F69: 19.941 | M69: =$M$125*G69/$G$125 -> 0 | O69: =IF(N69=0," ",(K69)/N69) | Q69: 12.7857 | S69: 20.6448 | U69: 68.034 | V69: 1.77123 | W69: 35.19 | X69: 14.076 | Y69: 0.2346 | Z69: 0.25806 | AA69: 0.004692 | AB69: =($G69*Q69/$G$125) -> 0 | AC69: =($G69*S69/$G$125) -> 0 | AD69: =($G69*U69/$G$125) -> 0 | AE69: =($G69*V69/$G$125) -> 0 | AF69: =($G69*W69/$G$125) -> 0 | AG69: =($G69*X69/$G$125) -> 0 | AH69: =($G69*Y69/$G$125) -> 0 | AI69: =($G69*Z69/$G$125) -> 0 | AJ69: =($G69*AA69/$G$125) -> 0
A70: 273.309 | B70: ГОК Денисовский К9 | C70: 13809.729 | F70: 19.941 | L70: =SUM(J70:K70) -> 0 | M70: =$M$125*G71/$G$125 -> 0 | O70: =IF(N70=0," ",(K70)/N70) | Q70: 10.3224 | S70: 23.9292 | U70: 45.747 | V70: 1.39587 | W70: 48.093 | X70: 17.595 | Y70: 0.85629 | Z70: 0.060996 | AA70: 0.004692 | AB70: =($G70*Q70/$G$125) -> 0 | AC70: =($G70*S70/$G$125) -> 0 | AD70: =($G70*U70/$G$125) -> 0 | AE70: =($G70*V70/$G$125) -> 0 | AF70: =($G70*W70/$G$125) -> 0 | AG70: =($G70*X70/$G$125) -> 0 | AH70: =($G70*Y70/$G$125) -> 0 | AI70: =($G70*Z70/$G$125) -> 0 | AJ70: =($G70*AA70/$G$125) -> 0 | AK70: 14.8971 | AL70: 89.3826 | AO70: 114.954
B71: 346.035 | C71: 13809.729 | F71: 19.941 | L71: =SUM(K71:K71) -> 0 | M71: =$M$125*G71/$G$125 -> 0 | O71: =IF(N71=0," ",(K71)/N71) | Q71: 11.4954 | S71: 21.2313 | U71: 49.266 | V71: 1.47798 | W71: 49.266 | X71: 17.595 | Y71: 0.75072 | AA71: 0.004692 | AB71: =($G71*Q71/$G$125) -> 0 | AC71: =($G71*S71/$G$125) -> 0 | AD71: =($G71*U71/$G$125) -> 0 | AE71: =($G71*V71/$G$125) -> 0 | AF71: =($G71*W71/$G$125) -> 0 | AG71: =($G71*X71/$G$125) -> 0 | AH71: =($G71*Y71/$G$125) -> 0 | AI71: =($G71*Z71/$G$125) -> 0 | AJ71: =($G71*AA71/$G$125) -> 0 | AO71: 116.127
A72: 399.993 | B72: Сибирь К9 (Нерюнгринская) | C72: 14266.178 | D72: 10.557 | E72: 8.2244898 | F72: К9 | G72: 9.384 | H72: =G72*(100-P72)/100 -> 7.472 | I72: =H72/H$125*100 -> 19.600231 | J72: 0 | K72: 8200 | L72: =SUM(J72:K72) -> 8200 | M72: =G72*$M$125/$G$125 -> 252.57 | N72: =SUM(M72:M75) -> 252.57 | O72: =IF(N72=0," ",(K72)/N72) -> 32.466247 | P72: 7.7418 | Q72: 11.8473 | S72: 19.8237 | U72: 78.591 | V72: 1.77123 | W72: 23.46 | X72: 14.076 | Y72: 0.29325 | Z72: 0.25806 | AA72: 0.0357765 | AB72: =($G72*Q72/$G$125) -> 0.808 | AC72: =($G72*S72/$G$125) -> 1.352 | AD72: =($G72*U72/$G$125) -> 5.36 | AE72: =($G72*V72/$G$125) -> 0.1208 | AF72: =($G72*W72/$G$125) -> 1.6 | AG72: =($G72*X72/$G$125) -> 0.96 | AH72: =($G72*Y72/$G$125) -> 0.02 | AI72: =($G72*Z72/$G$125) -> 0.0176 | AJ72: =($G72*AA72/$G$125) -> 0.00244 | AO72: 139.587
A73: 399.993 | B73: Сибирь К9 (Нерюнгринская) | C73: 14266.178 | F73: 312.018 | M73: =G73*$M$125/$G$125 -> 0 | O73: =IF(N73=0," ",(K73)/N73) | Q73: 11.9646 | S73: 20.7621 | U73: 78.591 | V73: 1.77123 | W73: 23.46 | X73: 14.076 | Y73: 0.29325 | Z73: 0.25806 | AA73: 0.0357765 | AB73: =($G73*Q73/$G$125) -> 0 | AC73: =($G73*S73/$G$125) -> 0 | AD73: =($G73*U73/$G$125) -> 0 | AE73: =($G73*V73/$G$125) -> 0 | AF73: =($G73*W73/$G$125) -> 0 | AG73: =($G73*X73/$G$125) -> 0 | AH73: =($G73*Y73/$G$125) -> 0 | AI73: =($G73*Z73/$G$125) -> 0 | AJ73: =($G73*AA73/$G$125) -> 0
A74: 308.499 | B74: Сибирь К9 (Нерюнгринская) | C74: 14266.178 | F74: 312.018 | M74: =G74*$M$125/$G$125 -> 0 | Q74: 11.73 | S74: 21.2313 | U74: 78.591 | V74: 1.77123 | W74: 23.46 | X74: 14.076 | Y74: 0.29325 | Z74: 0.25806 | AB74: =($G74*Q74/$G$125) -> 0 | AC74: =($G74*S74/$G$125) -> 0 | AD74: =($G74*U74/$G$125) -> 0 | AE74: =($G74*V74/$G$125) -> 0 | AF74: =($G74*W74/$G$125) -> 0 | AG74: =($G74*X74/$G$125) -> 0 | AH74: =($G74*Y74/$G$125) -> 0 | AI74: =($G74*Z74/$G$125) -> 0
A75: 387.09 | B75: Сибирь К9 (Нерюнгринская) | C75: 13809.729 | F75: 312.018 | M75: =G75*$M$125/$G$125 -> 0 | O75: =IF(N75=0," ",(K75)/N75) | Q75: 12.6684 | S75: 20.5275 | U75: 78.591 | V75: 1.77123 | W75: 35.19 | X75: 14.076 | Y75: 0.2346 | Z75: 0.25806 | AA75: 0.0357765 | AB75: =($G75*Q75/$G$125) -> 0 | AC75: =($G75*S75/$G$125) -> 0 | AD75: =($G75*U75/$G$125) -> 0 | AE75: =($G75*V75/$G$125) -> 0 | AF75: =($G75*W75/$G$125) -> 0 | AG75: =($G75*X75/$G$125) -> 0 | AH75: =($G75*Y75/$G$125) -> 0 | AI75: =($G75*Z75/$G$125) -> 0 | AJ75: =($F75*AA75/$G$125) -> #VALUE! | AO75: 139.587
B76: 360.111 | C76: 14825.101 | F76: 19.941 | J76: 0 | K76: 0 | L76: =SUM(J76:K76) -> 0 | M76: =G76*$M$125/$G$125 -> 0 | N76: =SUM(M76:M78) -> 0 | O76: =IF(N76=0," ",(K76)/N76) | Q76: 9.1494 | S76: 22.287 | U76: 63.342 | V76: 1.63047 | W76: 43.401 | X76: 15.249 | Y76: 0.38709 | AA76: 0.079764 | AB76: =($G76*Q76/$G$125) -> 0 | AC76: =($G76*S76/$G$125) -> 0 | AD76: =($G76*U76/$G$125) -> 0 | AE76: =($G76*V76/$G$125) -> 0 | AF76: =($G76*W76/$G$125) -> 0 | AG76: =($G76*X76/$G$125) -> 0 | AH76: =($G76*Y76/$G$125) -> 0 | AI76: =($G76*Z76/$G$125) -> 0 | AJ76: =($G76*AA76/$G$125) -> 0 | AL76: 91.494 | AO76: 197.064 | AV76: =AVERAGE(AV22:AV75) -> 99 | AW76: =AVERAGE(AW22:AW75) -> 33.3 | AX76: =AVERAGE(AX22:AX75) -> 101
B77: 316.71 | C77: 14825.101 | M77: =G77*$M$125/$G$125 -> 0 | O77: =IF(N77=0," ",(K77)/N77) | Q77: 8.9148 | S77: 22.1697 | U77: 63.342 | V77: 1.63047 | W77: 43.401 | X77: 15.249 | Y77: 0.38709 | AA77: 0.079764 | AB77: =($G77*Q77/$G$125) -> 0 | AC77: =($G77*S77/$G$125) -> 0 | AD77: =($G77*U77/$G$125) -> 0 | AE77: =($G77*V77/$G$125) -> 0 | AF77: =($G77*W77/$G$125) -> 0 | AG77: =($G77*X77/$G$125) -> 0 | AH77: =($G77*Y77/$G$125) -> 0 | AI77: =($G77*Z77/$G$125) -> 0 | AJ77: =($G77*AA77/$G$125) -> 0
B78: 316.71 | C78: 14825.101 | F78: 19.941 | L78: =SUM(J78:K78) -> 0 | M78: =G78*$M$125/$G$125 -> 0 | O78: =IF(N78=0," ",(K78)/N78) | Q78: 9.1494 | S78: 23.1081 | U78: 63.342 | V78: 1.63047 | W78: 43.401 | X78: 15.249 | Y78: 0.38709 | AA78: 0.079764 | AB78: =($G78*Q78/$G$125) -> 0 | AC78: =($G78*S78/$G$125) -> 0 | AD78: =($G78*U78/$G$125) -> 0 | AE78: =($G78*V78/$G$125) -> 0 | AF78: =($G78*W78/$G$125) -> 0 | AG78: =($G78*X78/$G$125) -> 0 | AH78: =($G78*Y78/$G$125) -> 0 | AI78: =($G78*Z78/$G$125) -> 0 | AJ78: =($G78*AA78/$G$125) -> 0 | AO78: 197.064
B79: 316.71 | C79: 13071.185 | F79: 19.941 | J79: 0 | K79: 0 | L79: =SUM(J79:K79) -> 0 | M79: =G79*$M$125/$G$125 -> 0 | N79: =SUM(M79:M81) -> 0 | O79: =IF(N79=0," ",(K79)/N79) | Q79: 9.384 | S79: 23.8119 | U79: 65.688 | V79: 1.5249 | W79: 39.882 | X79: 16.422 | Y79: 0.55131 | AA79: 0.0116127 | AB79: =($G79*Q79/$G$125) -> 0 | AC79: =($G79*S79/$G$125) -> 0 | AD79: =($G79*U79/$G$125) -> 0 | AE79: =($G79*V79/$G$125) -> 0 | AF79: =($G79*W79/$G$125) -> 0 | AG79: =($G79*X79/$G$125) -> 0 | AH79: =($G79*Y79/$G$125) -> 0 | AI79: =($G79*Z79/$G$125) -> 0 | AJ79: =($G79*AA79/$G$125) -> 0 | AO79: 160.701
A80: 309.672 | B80: Сибирь К9 (Нерюнгринская) | C80: 13071.185 | M80: =G80*$M$125/$G$125 -> 0 | O80: =IF(N80=0," ",(K80)/N80) | Q80: 9.7359 | S80: 24.7503 | U80: 65.688 | V80: 1.5249 | W80: 42.228 | X80: 16.422 | Y80: 0.55131 | AB80: =($G80*Q80/$G$125) -> 0 | AC80: =($G80*S80/$G$125) -> 0 | AD80: =($G80*U80/$G$125) -> 0 | AE80: =($G80*V80/$G$125) -> 0 | AF80: =($G80*W80/$G$125) -> 0 | AG80: =($G80*X80/$G$125) -> 0 | AH80: =($G80*Y80/$G$125) -> 0 | AI80: =($G80*Z80/$G$125) -> 0 | AJ80: =($G80*AA80/$G$125) -> 0
A81: 304.98 | B81: Сибирь К9 (Нерюнгринская) | C81: 13071.185 | F81: 19.941 | L81: =SUM(J81:K81) -> 0 | M81: =G81*$M$125/$G$125 -> 0 | O81: =IF(N81=0," ",(K81)/N81) | Q81: 10.3224 | S81: 24.0465 | U81: 65.688 | V81: 1.5249 | W81: 39.882 | X81: 16.422 | Y81: 0.55131 | AA81: 0.0116127 | AB81: =($G81*Q81/$G$125) -> 0 | AC81: =($G81*S81/$G$125) -> 0 | AD81: =($G81*U81/$G$125) -> 0 | AE81: =($G81*V81/$G$125) -> 0 | AF81: =($G81*W81/$G$125) -> 0 | AG81: =($G81*X81/$G$125) -> 0 | AH81: =($G81*Y81/$G$125) -> 0 | AI81: =($G81*Z81/$G$125) -> 0 | AJ81: =($G81*AA81/$G$125) -> 0 | AO81: 151.317
B82: 358.938 | C82: 15241.458 | E82: 0 | F82: К | J82: 0 | K82: 0 | L82: =SUM(J82:K82) -> 0 | M82: =G82*$M$125/$G$125 -> 0 | N82: =SUM(M82:M83) -> 0 | O82: =IF(N82=0," ",(K82)/N82) | Q82: 10.2051 | S82: 26.5098 | U82: 84.456 | V82: 1.44279 | W82: 21.114 | X82: 23.46 | Y82: 1.27857 | Z82: 0.193545 | AA82: 0.0116127 | AB82: =($G82*Q82/$G$125) -> 0 | AC82: =($G82*S82/$G$125) -> 0 | AD82: =($G82*U82/$G$125) -> 0 | AE82: =($G82*V82/$G$125) -> 0 | AF82: =($G82*W82/$G$125) -> 0 | AG82: =($G82*X82/$G$125) -> 0 | AH82: =($G82*Y82/$G$125) -> 0 | AI82: =($G82*Z82/$G$125) -> 0 | AJ82: =($G82*AA82/$G$125) -> 0 | AO82: 130.203
A83: 308.499 | B83: Печорская К (р-з Юньягинский) | C83: 15241.458 | F83: 19.941 | L83: =SUM(J83:K83) -> 0 | M83: =G83*$M$125/$G$125 -> 0 | O83: =IF(N83=0," ",(K83)/N83) | Q83: 10.2051 | S83: 26.3925 | U83: 84.456 | V83: 1.44279 | W83: 22.287 | X83: 23.46 | Y83: 1.27857 | Z83: 0.193545 | AA83: 0.0116127 | AB83: =($G83*Q83/$G$125) -> 0 | AC83: =($G83*S83/$G$125) -> 0 | AD83: =($G83*U83/$G$125) -> 0 | AE83: =($G83*V83/$G$125) -> 0 | AF83: =($G83*W83/$G$125) -> 0 | AG83: =($G83*X83/$G$125) -> 0 | AH83: =($G83*Y83/$G$125) -> 0 | AI83: =($G83*Z83/$G$125) -> 0 | AJ83: =($G83*AA83/$G$125) -> 0
A84: 416.415 | B84: Распадская ОС (р-з Коксовый) | C84: 11869.059 | D84: 17.595 | E84: 15.918367 | F84: ОС | G84: 14.076 | H84: =G84*(100-P84)/100 -> 10.548 | I84: =H84/H$125*100 -> 27.669062 | J84: 0 | K84: 12100 | L84: =SUM(J84:K84) -> 12100 | M84: =G84*$M$125/$G$125 -> 378.855 | N84: =SUM(M84:M89) -> 726.13875 | O84: =IF(N84=0," ",(K84)/N84) -> 16.663482 | P84: 14.1933 | Q84: 8.7975 | S84: 22.7562 | U84: 56.304 | V84: 1.56009 | W84: 42.228 | X84: 14.076 | Y84: 0.62169 | Z84: 0.137241 | AA84: 0.0116127 | AB84: =($G84*Q84/$G$125) -> 0.9 | AC84: =($G84*S84/$G$125) -> 2.328 | AD84: =($G84*U84/$G$125) -> 5.76 | AE84: =($G84*V84/$G$125) -> 0.1596 | AF84: =($G84*W84/$G$125) -> 4.32 | AG84: =($G84*X84/$G$125) -> 1.44 | AH84: =($G84*Y84/$G$125) -> 0.0636 | AI84: =($G84*Z84/$G$125) -> 0.01404 | AJ84: =($G84*AA84/$G$125) -> 0.001188 | AK84: 9.1494 | AL84: 91.494 | AO84: 95.013
A85: 411.723 | B85: Распадская ОС (р-з Коксовый) | C85: 11869.059 | F85: 18.768 | G85: 12.903 | L85: =SUM(J85:K85) -> 0 | M85: =G85*$M$125/$G$125 -> 347.28375 | O85: =IF(N85=0," ",(K85)/N85) | Q85: 7.7418 | S85: 22.7562 | U85: 56.304 | V85: 1.56009 | W85: 42.228 | X85: 14.076 | Y85: 0.62169 | Z85: 0.137241 | AA85: 0.0116127 | AB85: =($G85*Q85/$G$125) -> 0.726 | AC85: =($G85*S85/$G$125) -> 2.134 | AD85: =($G85*U85/$G$125) -> 5.28 | AE85: =($G85*V85/$G$125) -> 0.1463 | AF85: =($G85*W85/$G$125) -> 3.96 | AG85: =($G85*X85/$G$125) -> 1.32 | AH85: =($G85*Y85/$G$125) -> 0.0583 | AI85: =($G85*Z85/$G$125) -> 0.01287 | AJ85: =($G85*AA85/$G$125) -> 0.001089 | AK85: 15.8355 | AL85: 82.6965 | AM85: 43.7529 | AO85: 95.013
B86: 95.013 | C86: 12049.431 | F86: 18.768 | L86: =SUM(J86:K86) -> 0 | M86: =G86*$M$125/$G$125 -> 0 | O86: =IF(N86=0," ",(K86)/N86) | Q86: 8.6802 | S86: 22.6389 | U86: 56.304 | V86: 1.56009 | W86: 45.747 | X86: 15.249 | Y86: 0.55131 | Z86: 0.137241 | AA86: 0.0116127 | AB86: =($G86*Q86/$G$125) -> 0 | AC86: =($G86*S86/$G$125) -> 0 | AD86: =($G86*U86/$G$125) -> 0 | AE86: =($G86*V86/$G$125) -> 0 | AF86: =($G86*W86/$G$125) -> 0 | AG86: =($G86*X86/$G$125) -> 0 | AH86: =($G86*Y86/$G$125) -> 0 | AI86: =($G86*Z86/$G$125) -> 0 | AJ86: =($G86*AA86/$G$125) -> 0
A87: 340.17 | B87: Распадская ОС (р-з Коксовый) | C87: 11869.059 | F87: 18.768 | L87: =SUM(J87:K87) -> 0 | M87: =G87*$M$125/$G$125 -> 0 | O87: =IF(N87=0," ",(K87)/N87) | Q87: 8.5629 | S87: 23.46 | U87: 56.304 | V87: 1.56009 | W87: 42.228 | X87: 14.076 | Y87: 0.62169 | Z87: 0.137241 | AA87: 0.0116127 | AB87: =($G87*Q87/$G$125) -> 0 | AC87: =($G87*S87/$G$125) -> 0 | AD87: =($G87*U87/$G$125) -> 0 | AE87: =($G87*V87/$G$125) -> 0 | AF87: =($G87*W87/$G$125) -> 0 | AG87: =($G87*X87/$G$125) -> 0 | AH87: =($G87*Y87/$G$125) -> 0 | AI87: =($G87*Z87/$G$125) -> 0 | AJ87: =($G87*AA87/$G$125) -> 0 | AK87: 15.8355 | AL87: 82.6965 | AM87: 43.7529 | AO87: 95.013
A88: 350.727 | B88: Распадская ОС (р-з Коксовый) | C88: 11869.059 | F88: 18.768 | M88: =G88*$M$125/$G$125 -> 0 | O88: =IF(N88=0," ",(K88)/N88) | Q88: 8.0937 | S88: 22.7562 | U88: 56.304 | V88: 1.56009 | W88: 48.093 | X88: 15.249 | Y88: 0.5865 | Z88: 0.151317 | AB88: =($G88*Q88/$G$125) -> 0 | AC88: =($G88*S88/$G$125) -> 0 | AD88: =($G88*U88/$G$125) -> 0 | AE88: =($G88*V88/$G$125) -> 0 | AF88: =($G88*W88/$G$125) -> 0 | AG88: =($G88*X88/$G$125) -> 0 | AH88: =($G88*Y88/$G$125) -> 0 | AI88: =($G88*Z88/$G$125) -> 0
A89: 273.309 | B89: Распадская ОС (р-з Коксовый) | C89: 10908.982 | F89: 18.768 | L89: =SUM(J89:K89) -> 0 | M89: =G89*$M$125/$G$125 -> 0 | O89: =IF(N89=0," ",(K89)/N89) | Q89: 10.3224 | S89: 24.0465 | U89: 57.477 | V89: 1.47798 | W89: 46.92 | X89: 17.595 | Y89: 0.85629 | Z89: 0.151317 | AA89: 0.0116127 | AB89: =($G89*Q89/$G$125) -> 0 | AC89: =($G89*S89/$G$125) -> 0 | AD89: =($G89*U89/$G$125) -> 0 | AE89: =($G89*V89/$G$125) -> 0 | AF89: =($G89*W89/$G$125) -> 0 | AG89: =($G89*X89/$G$125) -> 0 | AH89: =($G89*Y89/$G$125) -> 0 | AI89: =($G89*Z89/$G$125) -> 0 | AJ89: =($G89*AA89/$G$125) -> 0 | AK89: 15.8355 | AL89: 82.6965 | AM89: 43.7529 | AO89: 95.013
B90: 292.077 | C90: 11023.056 | E90: 0 | F90: К, ОС | J90: 0 | K90: 0 | L90: =SUM(J90:K90) -> 0 | M90: =G90*$M$125/$G$125 -> 0 | N90: =SUM(M90:M91) -> 0 | O90: =IF(N90=0," ",(K90)/N90) | Q90: 8.6802 | S90: 24.1638 | U90: 55.131 | V90: 1.46625 | W90: 49.266 | X90: 15.249 | Y90: 0.50439 | Z90: 0.330786 | AA90: 0.0116127 | AB90: =($G90*Q90/$G$125) -> 0 | AC90: =($G90*S90/$G$125) -> 0 | AD90: =($G90*U90/$G$125) -> 0 | AE90: =($G90*V90/$G$125) -> 0 | AF90: =($G90*W90/$G$125) -> 0 | AG90: =($G90*X90/$G$125) -> 0 | AH90: =($G90*Y90/$G$125) -> 0 | AI90: =($G90*Z90/$G$125) -> 0 | AJ90: =($G90*AA90/$G$125) -> 0 | AO90: 95.013
A91: 363.63 | B91: Распадская К+ОС | C91: 9996.6814 | F91: 293.25 | L91: =SUM(J91:K91) -> 0 | M91: =G91*$M$125/$G$125 -> 0 | N91: =SUM(M91:M92) -> 0 | O91: =IF(N91=0," ",(K91)/N91) | Q91: 7.8591 | S91: 24.9849 | U91: 55.131 | V91: 1.46625 | W91: 48.093 | X91: 14.076 | Y91: 0.55131 | Z91: 0.330786 | AA91: 0.0116127 | AB91: =($G91*Q91/$G$125) -> 0 | AC91: =($G91*S91/$G$125) -> 0 | AD91: =($G91*U91/$G$125) -> 0 | AE91: =($G91*V91/$G$125) -> 0 | AF91: =($G91*W91/$G$125) -> 0 | AG91: =($G91*X91/$G$125) -> 0 | AH91: =($G91*Y91/$G$125) -> 0 | AI91: =($G91*Z91/$G$125) -> 0 | AJ91: =($G91*AA91/$G$125) -> 0 | AL91: 91.494 | AO91: 71.553
B92: 299.115 | C92: 13657.685 | F92: 18.768 | L92: =SUM(J92:K92) -> 0 | M92: =G92*$M$125/$G$125 -> 0 | O92: =IF(N92=0," ",(K92)/N92) | U92: 82.11 | V92: 1.50144 | AB92: =($G92*Q92/$G$125) -> 0 | AC92: =($G92*S92/$G$125) -> 0 | AD92: =($G92*U92/$G$125) -> 0 | AE92: =($G92*V92/$G$125) -> 0 | AF92: =($G92*W92/$G$125) -> 0 | AG92: =($G92*X92/$G$125) -> 0 | AH92: =($G92*Y92/$G$125) -> 0 | AI92: =($G92*Z92/$G$125) -> 0 | AJ92: =($G92*AA92/$G$125) -> 0 | AO92: 71.553
B93: 117.3 | C93: 16372.265 | F93: 18.768 | L93: =SUM(J93:K93) -> 0 | M93: =G93*$M$125/$G$125 -> 0 | O93: =IF(N93=0," ",(K93)/N93) | Q93: 9.1494 | S93: 21.9351 | U93: 59.823 | V93: 1.58355 | W93: 39.882 | X93: 12.903 | Y93: 0.60996 | AA93: 0.009384 | AB93: =($G93*Q93/$G$125) -> 0 | AC93: =($G93*S93/$G$125) -> 0 | AD93: =($G93*U93/$G$125) -> 0 | AE93: =($G93*V93/$G$125) -> 0 | AF93: =($G93*W93/$G$125) -> 0 | AG93: =($G93*X93/$G$125) -> 0 | AH93: =($G93*Y93/$G$125) -> 0 | AI93: =($G93*Z93/$G$125) -> 0 | AJ93: =($G93*AA93/$G$125) -> 0 | AL93: 91.494 | AO93: 117.3
A94: 375.36 | B94: Барзасская ОС | C94: 11362.781 | D94: 5.865 | E94: 8.5306122 | F94: ОС | G94: 14.076 | J94: 0 | K94: 1900 | L94: =SUM(J94:K94) -> 1900 | M94: =G94*$M$125/$G$125 -> 378.855 | N94: =SUM(M94:M97) -> 378.855 | O94: =IF(N94=0," ",(K94)/N94) -> 5.0151113 | Q94: 8.3283 | S94: 21.2313 | U94: 49.266 | V94: 1.57182 | W94: 41.055 | X94: 15.249 | Y94: 0.52785 | Z94: 0.161874 | AB94: =($G94*Q94/$G$125) -> 0.852 | AC94: =($G94*S94/$G$125) -> 2.172 | AD94: =($G94*U94/$G$125) -> 5.04 | AE94: =($G94*V94/$G$125) -> 0.1608 | AF94: =($G94*W94/$G$125) -> 4.2 | AG94: =($G94*X94/$G$125) -> 1.56 | AH94: =($G94*Y94/$G$125) -> 0.054 | AI94: =($G94*Z94/$G$125) -> 0.01656 | AJ94: =($G94*AA94/$G$125) -> 0 | AL94: 90.321 | AO94: 117.3
A95: 368.322 | B95: Барзасская ОС | C95: 10812.784 | F95: 18.768 | L95: 0 | M95: =G95*$M$125/$G$125 -> 0 | Q95: 9.7359 | S95: 21.3486 | U95: 49.266 | V95: 1.57182 | W95: 46.92 | X95: 14.076 | Y95: 0.49266 | Z95: 0.161874 | AB95: =($G95*Q95/$G$125) -> 0 | AC95: =($G95*S95/$G$125) -> 0 | AD95: =($G95*U95/$G$125) -> 0 | AE95: =($G95*V95/$G$125) -> 0 | AF95: =($G95*W95/$G$125) -> 0 | AG95: =($G95*X95/$G$125) -> 0 | AH95: =($G95*Y95/$G$125) -> 0 | AI95: =($G95*Z95/$G$125) -> 0
A96: 349.554 | B96: Барзасская ОС | C96: 11362.781 | F96: 18.768 | L96: 0 | M96: =G96*$M$125/$G$125 -> 0 | Q96: 11.3781 | S96: 21.4659 | U96: 49.266 | V96: 1.57182 | W96: 41.055 | X96: 15.249 | Y96: 0.52785 | Z96: 0.161874 | AB96: =($G96*Q96/$G$125) -> 0 | AC96: =($G96*S96/$G$125) -> 0 | AD96: =($G96*U96/$G$125) -> 0 | AE96: =($G96*V96/$G$125) -> 0 | AF96: =($G96*W96/$G$125) -> 0 | AG96: =($G96*X96/$G$125) -> 0 | AH96: =($G96*Y96/$G$125) -> 0 | AI96: =($G96*Z96/$G$125) -> 0
A97: 273.309 | B97: Барзасская ОС | C97: 11252.659 | F97: 18.768 | L97: =SUM(J97:K97) -> 0 | M97: =G97*$M$125/$G$125 -> 0 | O97: =IF(N97=0," ",(K97)/N97) | Q97: 9.6186 | S97: 20.8794 | U97: 49.266 | V97: 1.57182 | W97: 48.093 | X97: 12.903 | Y97: 0.44574 | Z97: 0.161874 | AB97: =($G97*Q97/$G$125) -> 0 | AC97: =($G97*S97/$G$125) -> 0 | AD97: =($G97*U97/$G$125) -> 0 | AE97: =($G97*V97/$G$125) -> 0 | AF97: =($G97*W97/$G$125) -> 0 | AG97: =($G97*X97/$G$125) -> 0 | AH97: =($G97*Y97/$G$125) -> 0 | AI97: =($G97*Z97/$G$125) -> 0 | AJ97: =($G97*AA97/$G$125) -> 0 | AO97: 75.072
B98: 75.072 | F98: 18.768 | L98: =SUM(J98:K98) -> 0 | M98: =G98*$M$125/$G$125 -> 0 | O98: =IF(N98=0," ",(K98)/N98) | Q98: 9.8532 | S98: 21.7005 | U98: 57.477 | V98: 1.54836 | W98: 37.536 | X98: 16.422 | Y98: 0.52785 | Z98: 0.119646 | AB98: =($G98*Q98/$G$125) -> 0 | AC98: =($G98*S98/$G$125) -> 0 | AD98: =($G98*U98/$G$125) -> 0 | AE98: =($G98*V98/$G$125) -> 0 | AF98: =($G98*W98/$G$125) -> 0 | AG98: =($G98*X98/$G$125) -> 0 | AH98: =($G98*Y98/$G$125) -> 0 | AI98: =($G98*Z98/$G$125) -> 0 | AJ98: =($G98*AA98/$G$125) -> 0 | AO98: 75.072
B99: 126.684 | C99: 11329.315 | F99: 18.768 | L99: =SUM(J99:K99) -> 0 | M99: =G99*$M$125/$G$125 -> 0 | N99: =SUM(M99:M100) -> 0 | O99: =IF(N99=0," ",(K99)/N99) | Q99: 9.8532 | S99: 21.7005 | U99: 57.477 | V99: 1.54836 | W99: 37.536 | X99: 16.422 | Y99: 0.52785 | Z99: 0.119646 | AB99: =($G99*Q99/$G$125) -> 0 | AC99: =($G99*S99/$G$125) -> 0 | AD99: =($G99*U99/$G$125) -> 0 | AE99: =($G99*V99/$G$125) -> 0 | AF99: =($G99*W99/$G$125) -> 0 | AG99: =($G99*X99/$G$125) -> 0 | AH99: =($G99*Y99/$G$125) -> 0 | AI99: =($G99*Z99/$G$125) -> 0 | AJ99: =($G99*AA99/$G$125) -> 0 | AO99: 126.684
B100: 126.684 | C100: 11328.834 | F100: 18.768 | L100: =SUM(J100:K100) -> 0 | M100: =G100*$M$125/$G$125 -> 0 | O100: =IF(N100=0," ",(K100)/N100) | Q100: 9.8532 | S100: 21.7005 | U100: 57.477 | V100: 1.54836 | W100: 37.536 | X100: 16.422 | Y100: 0.52785 | Z100: 0.119646 | AB100: =($G100*Q100/$G$125) -> 0 | AC100: =($G100*S100/$G$125) -> 0 | AD100: =($G100*U100/$G$125) -> 0 | AE100: =($G100*V100/$G$125) -> 0 | AF100: =($G100*W100/$G$125) -> 0 | AG100: =($G100*X100/$G$125) -> 0 | AH100: =($G100*Y100/$G$125) -> 0 | AI100: =($G100*Z100/$G$125) -> 0 | AJ100: =($G100*AA100/$G$125) -> 0 | AO100: 126.684
B101: 164.22 | C101: 10196.584 | F101: 18.768 | L101: =SUM(J101:K101) -> 0 | M101: =G101*$M$125/$G$125 -> 0 | N101: =SUM(M101:M102) -> 0 | O101: =IF(N101=0," ",(K101)/N101) | Q101: 9.8532 | S101: 21.7005 | U101: 57.477 | V101: 1.54836 | W101: 37.536 | X101: 16.422 | Y101: 0.52785 | Z101: 0.119646 | AB101: =($G101*Q101/$G$125) -> 0 | AC101: =($G101*S101/$G$125) -> 0 | AD101: =($G101*U101/$G$125) -> 0 | AE101: =($G101*V101/$G$125) -> 0 | AF101: =($G101*W101/$G$125) -> 0 | AG101: =($G101*X101/$G$125) -> 0 | AH101: =($G101*Y101/$G$125) -> 0 | AI101: =($G101*Z101/$G$125) -> 0 | AJ101: =($G101*AA101/$G$125) -> 0 | AO101: 164.22
B102: 120.819 | C102: 11283.087 | F102: 18.768 | L102: =SUM(J102:K102) -> 0 | M102: =G102*$M$125/$G$125 -> 0 | O102: =IF(N102=0," ",(K102)/N102) | Q102: 9.8532 | S102: 21.7005 | U102: 57.477 | V102: 1.54836 | W102: 37.536 | X102: 16.422 | Y102: 0.52785 | Z102: 0.119646 | AB102: =($G102*Q102/$G$125) -> 0 | AC102: =($G102*S102/$G$125) -> 0 | AD102: =($G102*U102/$G$125) -> 0 | AE102: =($G102*V102/$G$125) -> 0 | AF102: =($G102*W102/$G$125) -> 0 | AG102: =($G102*X102/$G$125) -> 0 | AH102: =($G102*Y102/$G$125) -> 0 | AI102: =($G102*Z102/$G$125) -> 0 | AJ102: =($G102*AA102/$G$125) -> 0 | AO102: 120.819
B103: 132.549 | L103: =SUM(J103:K103) -> 0 | M103: =G103*$M$125/$G$125 -> 0 | N103: =SUM(M103:M104) -> 0 | O103: =IF(N103=0," ",(K103)/N103) | Q103: 9.8532 | S103: 21.7005 | U103: 57.477 | V103: 1.54836 | W103: 37.536 | X103: 16.422 | Y103: 0.52785 | Z103: 0.119646 | AB103: =($G103*Q103/$G$125) -> 0 | AC103: =($G103*S103/$G$125) -> 0 | AD103: =($G103*U103/$G$125) -> 0 | AE103: =($G103*V103/$G$125) -> 0 | AF103: =($G103*W103/$G$125) -> 0 | AG103: =($G103*X103/$G$125) -> 0 | AH103: =($G103*Y103/$G$125) -> 0 | AI103: =($G103*Z103/$G$125) -> 0 | AJ103: =($G103*AA103/$G$125) -> 0 | AO103: 132.549
L104: =SUM(J104:K104) -> 0 | M104: =G104*$M$125/$G$125 -> 0 | O104: =IF(N104=0," ",(K104)/N104) | Q104: 9.8532 | S104: 21.7005 | U104: 57.477 | V104: 1.54836 | W104: 37.536 | X104: 16.422 | Y104: 0.52785 | Z104: 0.119646 | AB104: =($G104*Q104/$G$125) -> 0 | AC104: =($G104*S104/$G$125) -> 0 | AD104: =($G104*U104/$G$125) -> 0 | AE104: =($G104*V104/$G$125) -> 0 | AF104: =($G104*W104/$G$125) -> 0 | AG104: =($G104*X104/$G$125) -> 0 | AH104: =($G104*Y104/$G$125) -> 0 | AI104: =($G104*Z104/$G$125) -> 0 | AJ104: =($G104*AA104/$G$125) -> 0
B105: 296.769 | C105: 11568.278 | D105: 10.557 | E105: 8.2244898 | F105: ОС | J105: 0 | K105: 0 | L105: =SUM(J105:K105) -> 0 | M105: =G105*$M$125/$G$125 -> 0 | N105: =SUM(M105:M108) -> 0 | O105: =IF(N105=0," ",(K105)/N105) | Q105: 9.2667 | S105: 22.1697 | U105: 64.515 | V105: 1.6422 | W105: 36.363 | X105: 14.076 | Y105: 0.42228 | Z105: 0.154836 | AA105: 0.0116127 | AB105: =($G105*Q105/$G$125) -> 0 | AC105: =($G105*S105/$G$125) -> 0 | AD105: =($G105*U105/$G$125) -> 0 | AE105: =($G105*V105/$G$125) -> 0 | AF105: =($G105*W105/$G$125) -> 0 | AG105: =($G105*X105/$G$125) -> 0 | AH105: =($G105*Y105/$G$125) -> 0 | AI105: =($G105*Z105/$G$125) -> 0 | AJ105: =($G105*AA105/$G$125) -> 0 | AO105: 133.722
B106: 296.769 | C106: 11455.717 | F106: 18.768 | M106: =G106*$M$125/$G$125 -> 0 | O106: =IF(N106=0," ",(K106)/N106) | Q106: 9.1494 | S106: 23.46 | U106: 64.515 | V106: 1.6422 | W106: 42.228 | X106: 14.076 | Y106: 0.42228 | Z106: 0.154836 | AA106: 0.0116127 | AB106: =($G106*Q106/$G$125) -> 0 | AC106: =($G106*S106/$G$125) -> 0 | AD106: =($G106*U106/$G$125) -> 0 | AE106: =($G106*V106/$G$125) -> 0 | AF106: =($G106*W106/$G$125) -> 0 | AG106: =($G106*X106/$G$125) -> 0 | AH106: =($G106*Y106/$G$125) -> 0 | AI106: =($G106*Z106/$G$125) -> 0 | AJ106: =($G106*AA106/$G$125) -> 0
...

Sheet 3 блок
E1: ШИХТОВОЧНЫЙ ЛИСТ | J1: ='2 блок'!M7 -> на 25.05.26 - 26.05.26
B2: 3 блок
A4: 208.794 | B4: Поставщики | C4: Стоимость, | D4: Состав шихты на АПРЕЛЬ, % | F4: 16.422 | G4: Участ. | H4: Остаток | I4: Расход из | J4: Расход в | K4: Запас | L4: Зола, | M4: Летучие (Vd), % | O4: 52.785 | P4: Rо | Q4: х, | R4: У, | S4: сера | T4: м.д. фосфора в золе, % | U4: фосфор | V4: расчет показателей качества | AE4: 202.929
C5: 86.802 | D5: Утв. План | E5: факт (средн за период) | G5: 3.519 | H5: на складе,т | I5: силосов, т | J5: сутки, т | K5: угля, сут | L5: % | M5: 1 смена | N5: 2 смена | O5: % | P5: % | Q5: мм | R5: мм | S5: % | V5: 10.557 | W5: лет | X5: Ив | Y5: Vt | Z5: Rо | AA5: х, мм | AB5: У.мм | AC5: сера
B6: 231.081 | C6: 16630.911 | F6: 17.595 | H6: 0 | I6: =G6*I$171/$G$171 -> 0 | J6: =SUM(I6:I8) -> 0 | K6: =IF(J6=0," ",H6/J6) | L6: 9.5013 | M6: 41.055 | O6: 96.186 | P6: 0.97359 | Q6: 49.266 | R6: 24.633 | S6: 0.4692 | U6: 0.042228 | V6: =(G6*L6/$G$171) -> 0 | W6: =(G6*M6/$G$171) -> 0 | X6: =(#REF!*N6/$G$171) -> #REF! | Y6: =G6*O6/100 -> 0 | Z6: =(G6*P6/100) -> 0 | AA6: =(G6*Q6/$G$171) -> 0 | AB6: =(G6*R6/$G$171) -> 0 | AC6: =(G6*S6/$G$171) -> 0 | AE6: =(G6*U6/$G$171) -> 0
B7: 229.908 | C7: 16630.911 | F7: 17.595 | I7: =G7*I$171/$G$171 -> 0 | L7: 7.5072 | M7: 41.4069 | O7: 102.051 | P7: 0.98532 | Q7: 52.785 | R7: 25.806 | S7: 0.4692 | U7: 0.042228 | V7: =(G7*L7/$G$171) -> 0 | W7: =(G7*M7/$G$171) -> 0 | X7: =(#REF!*N7/$G$171) -> #REF! | Y7: =G7*O7/100 -> 0 | Z7: =(G7*P7/100) -> 0 | AA7: =(G7*Q7/$G$171) -> 0 | AB7: =(G7*R7/$G$171) -> 0 | AC7: =(G7*S7/$G$171) -> 0 | AE7: =(G7*U7/$G$171) -> 0
B8: 231.081 | C8: 16630.911 | F8: 17.595 | I8: =G8*I$171/$G$171 -> 0 | L8: 10.4397 | M8: 41.055 | O8: 96.186 | P8: 0.97359 | Q8: 49.266 | R8: 24.633 | S8: 0.4692 | U8: 0.042228 | V8: =(G8*L8/$G$171) -> 0 | W8: =(G8*M8/$G$171) -> 0 | X8: =(#REF!*N8/$G$171) -> #REF! | Y8: =G8*O8/100 -> 0 | Z8: =(G8*P8/100) -> 0 | AA8: =(G8*Q8/$G$171) -> 0 | AB8: =(G8*R8/$G$171) -> 0 | AC8: =(G8*S8/$G$171) -> 0 | AE8: =(G8*U8/$G$171) -> 0
B9: 184.161 | C9: 12915.199 | F9: 17.595 | H9: 0 | I9: =G9*I$171/$G$171 -> 0 | J9: =SUM(I9:I16) -> 0 | K9: =IF(J9=0," ",H9/J9) | L9: 6.4515 | M9: 41.2896 | O9: 98.532 | P9: 1.02051 | Q9: 49.266 | R9: 24.633 | S9: 0.48093 | U9: 0.042228 | V9: =(G9*L9/$G$171) -> 0 | W9: =(G9*M9/$G$171) -> 0 | X9: =(#REF!*N9/$G$171) -> #REF! | Y9: =G9*O9/100 -> 0 | Z9: =(G9*P9/100) -> 0 | AA9: =(G9*Q9/$G$171) -> 0 | AB9: =(G9*R9/$G$171) -> 0 | AC9: =(G9*S9/$G$171) -> 0 | AE9: =(G9*U9/$G$171) -> 0
B10: 184.161 | F10: 17.595 | I10: =G10*I$171/$G$171 -> 0 | L10: 9.8532 | M10: 41.9934 | O10: 97.359 | P10: 1.04397 | Q10: 45.747 | R10: 23.46 | S10: 0.45747 | U10: 0.042228 | V10: =(G10*L10/$G$171) -> 0 | W10: =(G10*M10/$G$171) -> 0 | X10: =(#REF!*N10/$G$171) -> #REF! | Y10: =G10*O10/100 -> 0 | Z10: =(G10*P10/100) -> 0 | AA10: =(G10*Q10/$G$171) -> 0 | AB10: =(G10*R10/$G$171) -> 0 | AC10: =(G10*S10/$G$171) -> 0 | AE10: =(G10*U10/$G$171) -> 0
B11: 184.161 | F11: 17.595 | I11: =G11*I$171/$G$171 -> 0 | L11: 7.2726 | M11: 41.7588 | O11: 97.359 | P11: 1.03224 | Q11: 51.612 | R11: 24.633 | S11: 0.51612 | U11: 0.042228 | V11: =(G11*L11/$G$171) -> 0 | W11: =(G11*M11/$G$171) -> 0 | X11: =(#REF!*N11/$G$171) -> #REF! | Y11: =G11*O11/100 -> 0 | Z11: =(G11*P11/100) -> 0 | AA11: =(G11*Q11/$G$171) -> 0 | AB11: =(G11*R11/$G$171) -> 0 | AC11: =(G11*S11/$G$171) -> 0 | AE11: =(G11*U11/$G$171) -> 0
B12: 184.161 | F12: 17.595 | I12: =G12*I$171/$G$171 -> 0 | L12: 10.557 | M12: 40.4685 | O12: 97.359 | P12: 1.04397 | Q12: 43.401 | R12: 24.633 | S12: 0.4692 | U12: 0.042228 | V12: =(G12*L12/$G$171) -> 0 | W12: =(G12*M12/$G$171) -> 0 | X12: =(#REF!*N12/$G$171) -> #REF! | Y12: =G12*O12/100 -> 0 | Z12: =(G12*P12/100) -> 0 | AA12: =(G12*Q12/$G$171) -> 0 | AB12: =(G12*R12/$G$171) -> 0 | AC12: =(G12*S12/$G$171) -> 0 | AE12: =(G12*U12/$G$171) -> 0
B13: 184.161 | F13: 17.595 | I13: =G13*I$171/$G$171 -> 0 | L13: 6.8034 | M13: 40.7031 | O13: 97.359 | P13: 1.04397 | Q13: 48.093 | R13: 24.633 | S13: 0.45747 | U13: 0.042228 | V13: =(G13*L13/$G$171) -> 0 | W13: =(G13*M13/$G$171) -> 0 | X13: =(#REF!*N13/$G$171) -> #REF! | Y13: =G13*O13/100 -> 0 | Z13: =(G13*P13/100) -> 0 | AA13: =(G13*Q13/$G$171) -> 0 | AB13: =(G13*R13/$G$171) -> 0 | AC13: =(G13*S13/$G$171) -> 0 | AE13: =(G13*U13/$G$171) -> 0
B14: 184.161 | F14: 17.595 | I14: =G14*I$171/$G$171 -> 0 | L14: 8.3283 | M14: 40.8204 | O14: 97.359 | P14: 1.04397 | Q14: 48.093 | R14: 25.806 | S14: 0.49266 | U14: 0.042228 | V14: =(G14*L14/$G$171) -> 0 | W14: =(G14*M14/$G$171) -> 0 | X14: =(#REF!*N14/$G$171) -> #REF! | Y14: =G14*O14/100 -> 0 | Z14: =(G14*P14/100) -> 0 | AA14: =(G14*Q14/$G$171) -> 0 | AB14: =(G14*R14/$G$171) -> 0 | AC14: =(G14*S14/$G$171) -> 0 | AE14: =(G14*U14/$G$171) -> 0
B15: 184.161 | F15: 17.595 | I15: =G15*I$171/$G$171 -> 0 | L15: 6.4515 | M15: 41.8761 | O15: 99.705 | P15: 1.0557 | Q15: 59.823 | R15: 22.287 | S15: 0.48093 | U15: 0.042228 | V15: =(G15*L15/$G$171) -> 0 | W15: =(G15*M15/$G$171) -> 0 | X15: =(#REF!*N15/$G$171) -> #REF! | Y15: =G15*O15/100 -> 0 | Z15: =(G15*P15/100) -> 0 | AA15: =(G15*Q15/$G$171) -> 0 | AB15: =(G15*R15/$G$171) -> 0 | AC15: =(G15*S15/$G$171) -> 0 | AE15: =(G15*U15/$G$171) -> 0
B16: 184.161 | F16: 17.595 | I16: =G16*I$171/$G$171 -> 0 | L16: 6.4515 | M16: 41.33652 | O16: 98.532 | P16: 1.02051 | Q16: 49.266 | R16: 24.633 | S16: 0.48093 | U16: 0.042228 | V16: =(G16*L16/$G$171) -> 0 | W16: =(G16*M16/$G$171) -> 0 | X16: =(#REF!*N16/$G$171) -> #REF! | Y16: =G16*O16/100 -> 0 | Z16: =(G16*P16/100) -> 0 | AA16: =(G16*Q16/$G$171) -> 0 | AB16: =(G16*R16/$G$171) -> 0 | AC16: =(G16*S16/$G$171) -> 0 | AE16: =(G16*U16/$G$171) -> 0
B17: 231.081 | C17: 12915.199 | F17: 17.595 | H17: 0 | I17: =G17*I$171/$G$171 -> 0 | J17: =SUM(I17:I20) -> 0 | K17: =IF(J17=0," ",H17/J17) | L17: 9.2667 | M17: 40.1166 | O17: 99.705 | P17: 0.98532 | Q17: 51.612 | R17: 23.46 | S17: 0.48093 | U17: 0.042228 | V17: =(G17*L17/$G$171) -> 0 | W17: =(G17*M17/$G$171) -> 0 | X17: =(#REF!*N17/$G$171) -> #REF! | Y17: =G17*O17/100 -> 0 | Z17: =(G17*P17/100) -> 0 | AA17: =(G17*Q17/$G$171) -> 0 | AB17: =(G17*R17/$G$171) -> 0 | AC17: =(G17*S17/$G$171) -> 0 | AE17: =(G17*U17/$G$171) -> 0
B18: 231.081 | C18: 12915.199 | F18: 17.595 | I18: =G18*I$171/$G$171 -> 0 | L18: 8.7975 | M18: 42.228 | O18: 99.705 | P18: 0.98532 | Q18: 51.612 | R18: 23.46 | S18: 0.44574 | U18: 0.42228 | V18: =(G18*L18/$G$171) -> 0 | W18: =(G18*M18/$G$171) -> 0 | X18: =(#REF!*N18/$G$171) -> #REF! | Y18: =G18*O18/100 -> 0 | Z18: =(G18*P18/100) -> 0 | AA18: =(G18*Q18/$G$171) -> 0 | AB18: =(G18*R18/$G$171) -> 0 | AC18: =(G18*S18/$G$171) -> 0 | AE18: =(G18*U18/$G$171) -> 0
B19: 231.081 | C19: 12915.199 | F19: 17.595 | I19: =G19*I$171/$G$171 -> 0 | L19: 9.2667 | M19: 40.3512 | O19: 99.705 | P19: 0.98532 | Q19: 51.612 | R19: 23.46 | S19: 0.44574 | U19: 0.42228 | V19: =(G19*L19/$G$171) -> 0 | W19: =(G19*M19/$G$171) -> 0 | X19: =(#REF!*N19/$G$171) -> #REF! | Y19: =G19*O19/100 -> 0 | Z19: =(G19*P19/100) -> 0 | AA19: =(G19*Q19/$G$171) -> 0 | AB19: =(G19*R19/$G$171) -> 0 | AC19: =(G19*S19/$G$171) -> 0 | AE19: =(G19*U19/$G$171) -> 0
B20: 146.625 | F20: 17.595 | I20: =G20*I$171/$G$171 -> 0 | U20: 0.042228 | V20: =(G20*L20/$G$171) -> 0 | W20: =(G20*M20/$G$171) -> 0 | X20: =(#REF!*N20/$G$171) -> #REF! | Y20: =G20*O20/100 -> 0 | Z20: =(G20*P20/100) -> 0 | AA20: =(G20*Q20/$G$171) -> 0 | AB20: =(G20*R20/$G$171) -> 0 | AC20: =(G20*S20/$G$171) -> 0 | AE20: =(G20*U20/$G$171) -> 0
A21: 8.211 | B21: Распадская ГЖ | C21: 11436.386 | D21: 42.228 | E21: 38.530612 | F21: ГЖ | G21: 17.595 | H21: 7800 | I21: =G21*I$171/$G$171 -> 339.38861 | J21: =SUM(I21:I27) -> 927.6622 | K21: =IF(J21=0," ",H21/J21) -> 8.4082331 | L21: 7.6245 | M21: 41.5242 | O21: 102.051 | P21: 1.06743 | Q21: 46.92 | R21: 28.152 | S21: 0.85629 | T21: 0.804678 | U21: 0.0619344 | V21: =(G21*L21/$G$171) -> 0.975 | W21: =(G21*M21/$G$171) -> 5.31 | X21: =(#REF!*N21/$G$171) -> #REF! | Y21: =G21*O21/100 -> 13.05 | Z21: =(G21*P21/100) -> 0.1365 | AA21: =(G21*Q21/$G$171) -> 6 | AB21: =(G21*R21/$G$171) -> 3.6 | AC21: =(G21*S21/$G$171) -> 0.1095 | AD21: =(G21*T21/$G$171) -> 0.1029 | AE21: =(G21*U21/$G$171) -> 0.00792
A22: 10.557 | B22: Распадская ГЖ | C22: 11436.386 | F22: 17.595 | G22: 15.249 | I22: =G22*I$171/$G$171 -> 294.1368 | L22: 8.3283 | M22: 41.1723 | O22: 102.051 | P22: 1.06743 | Q22: 36.363 | R22: 26.979 | S22: 0.83283 | T22: 0.804678 | U22: 0.0619344 | V22: =(G22*L22/$G$171) -> 0.923 | W22: =(G22*M22/$G$171) -> 4.563 | X22: =(#REF!*N22/$G$171) -> #REF! | Y22: =G22*O22/100 -> 11.31 | Z22: =(G22*P22/100) -> 0.1183 | AA22: =(G22*Q22/$G$171) -> 4.03 | AB22: =(G22*R22/$G$171) -> 2.99 | AC22: =(G22*S22/$G$171) -> 0.0923 | AD22: =(G22*T22/$G$171) -> 0.08918 | AE22: =(G22*U22/$G$171) -> 0.006864
B23: 97.359 | C23: 11436.386 | F23: 17.595 | I23: =G23*I$171/$G$171 -> 0 | L23: 9.0321 | M23: 41.9934 | O23: 102.051 | P23: 1.06743 | Q23: 35.19 | R23: 29.325 | S23: 0.75072 | T23: 0.804678 | U23: 0.0619344 | V23: =(G23*L23/$G$171) -> 0 | W23: =(G23*M23/$G$171) -> 0 | X23: =(#REF!*N23/$G$171) -> #REF! | Y23: =G23*O23/100 -> 0 | Z23: =(G23*P23/100) -> 0 | AA23: =(G23*Q23/$G$171) -> 0 | AB23: =(G23*R23/$G$171) -> 0 | AC23: =(G23*S23/$G$171) -> 0 | AD23: =(G23*T23/$G$171) -> 0 | AE23: =(G23*U23/$G$171) -> 0
A24: 17.595 | B24: Распадская ГЖ | C24: 11436.386 | F24: 17.595 | G24: 15.249 | I24: =G24*I$171/$G$171 -> 294.1368 | L24: 7.6245 | M24: 41.8761 | O24: 102.051 | P24: 1.06743 | Q24: 46.92 | R24: 28.152 | S24: 0.85629 | T24: 0.804678 | U24: 0.0619344 | V24: =(G24*L24/$G$171) -> 0.845 | W24: =(G24*M24/$G$171) -> 4.641 | X24: =(#REF!*N24/$G$171) -> #REF! | Y24: =G24*O24/100 -> 11.31 | Z24: =(G24*P24/100) -> 0.1183 | AA24: =(G24*Q24/$G$171) -> 5.2 | AB24: =(G24*R24/$G$171) -> 3.12 | AC24: =(G24*S24/$G$171) -> 0.0949 | AD24: =(G24*T24/$G$171) -> 0.08918 | AE24: =(G24*U24/$G$171) -> 0.006864
A25: 18.768 | B25: Распадская ГЖ | C25: 11436.386 | F25: 17.595 | I25: =G25*I$171/$G$171 -> 0 | L25: 7.9764 | M25: 41.5242 | O25: 102.051 | P25: 1.06743 | Q25: 38.709 | R25: 29.325 | S25: 0.77418 | T25: 0.804678 | U25: 0.0619344 | V25: =(G25*L25/$G$171) -> 0 | W25: =(G25*M25/$G$171) -> 0 | X25: =(#REF!*N25/$G$171) -> #REF! | Y25: =G25*O25/100 -> 0 | Z25: =(G25*P25/100) -> 0 | AA25: =(G25*Q25/$G$171) -> 0 | AB25: =(G25*R25/$G$171) -> 0 | AC25: =(G25*S25/$G$171) -> 0 | AD25: =(G25*T25/$G$171) -> 0 | AE25: =(G25*U25/$G$171) -> 0
A26: 23.46 | B26: Распадская ГЖ | C26: 11436.386 | F26: 17.595 | I26: =G26*I$171/$G$171 -> 0 | L26: 8.0937 | M26: 41.9934 | O26: 102.051 | P26: 1.06743 | Q26: 35.19 | R26: 28.152 | S26: 0.79764 | T26: 0.804678 | V26: =(G26*L26/$G$171) -> 0 | W26: =(G26*M26/$G$171) -> 0 | X26: =(#REF!*N26/$G$171) -> #REF! | Y26: =G26*O26/100 -> 0 | Z26: =(G26*P26/100) -> 0 | AA26: =(G26*Q26/$G$171) -> 0 | AB26: =(G26*R26/$G$171) -> 0 | AC26: =(G26*S26/$G$171) -> 0 | AD26: =(G26*T26/$G$171) -> 0 | AE26: =(G26*U26/$G$171) -> 0
B27: 97.359 | C27: 9763.8643 | F27: 17.595 | I27: =G27*I$171/$G$171 -> 0 | L27: 7.5072 | M27: 41.7588 | O27: 99.705 | P27: 0.9384 | Q27: 38.709 | R27: 28.152 | S27: 0.80937 | T27: 0.731952 | U27: 0.0619344 | V27: =(G27*L27/$G$171) -> 0 | W27: =(G27*M27/$G$171) -> 0 | X27: =(#REF!*N27/$G$171) -> #REF! | Y27: =G27*O27/100 -> 0 | Z27: =(G27*P27/100) -> 0 | AA27: =(G27*Q27/$G$171) -> 0 | AB27: =(G27*R27/$G$171) -> 0 | AC27: =(G27*S27/$G$171) -> 0 | AD27: =(G27*T27/$G$171) -> 0 | AE27: =(G27*U27/$G$171) -> 0
B28: 112.608 | F28: 50.439 | I28: =G28*I$171/$G$171 -> 0 | J28: =+SUM(I28:I34) -> 0 | K28: =IF(J28=0," ",H28/J28) | L28: 9.5013 | M28: 35.3073 | O28: 104.397 | P28: 0.96186 | Q28: 26.979 | R28: 31.671 | S28: 0.5865 | U28: 0.032844 | V28: =(G28*L28/$G$171) -> 0 | W28: =(G28*M28/$G$171) -> 0 | X28: =(#REF!*N28/$G$171) -> #REF! | Y28: =G28*O28/100 -> 0 | Z28: =(G28*P28/100) -> 0 | AA28: =(G28*Q28/$G$171) -> 0 | AB28: =(G28*R28/$G$171) -> 0 | AC28: =(G28*S28/$G$171) -> 0 | AD28: =(G28*T28/$G$171) -> 0 | AE28: =(G28*U28/$G$171) -> 0
B29: 112.608 | F29: 50.439 | I29: =G29*I$171/$G$171 -> 0 | L29: 8.5629 | M29: 36.0111 | O29: 96.186 | P29: 1.07916 | Q29: 68.034 | R29: 28.152 | S29: 0.49266 | U29: 0.032844 | V29: =(G29*L29/$G$171) -> 0 | W29: =(G29*M29/$G$171) -> 0 | X29: =(#REF!*N29/$G$171) -> #REF! | Y29: =G29*O29/100 -> 0 | Z29: =(G29*P29/100) -> 0 | AA29: =(G29*Q29/$G$171) -> 0 | AB29: =(G29*R29/$G$171) -> 0 | AC29: =(G29*S29/$G$171) -> 0 | AD29: =(G29*T29/$G$171) -> 0 | AE29: =(G29*U29/$G$171) -> 0
B30: 72.726 | F30: 50.439 | I30: =G30*I$171/$G$171 -> 0 | L30: 9.0321 | M30: 37.536 | O30: 99.705 | P30: 1.02051 | Q30: 37.536 | R30: 29.325 | S30: 0.56304 | V30: =(G30*L30/$G$171) -> 0 | W30: =(G30*M30/$G$171) -> 0 | X30: =(#REF!*N30/$G$171) -> #REF! | Y30: =G30*O30/100 -> 0 | Z30: =(G30*P30/100) -> 0 | AA30: =(G30*Q30/$G$171) -> 0 | AB30: =(G30*R30/$G$171) -> 0 | AC30: =(G30*S30/$G$171) -> 0 | AD30: =(G30*T30/$G$171) -> 0 | AE30: =(G30*U30/$G$171) -> 0
B31: 5.865 | F31: 50.439 | I31: =G31*I$171/$G$171 -> 0 | L31: 9.0321 | M31: 38.1225 | O31: 99.705 | P31: 1.02051 | Q31: 36.363 | R31: 31.671 | S31: 0.59823 | V31: =(G31*L31/$G$171) -> 0 | W31: =(G31*M31/$G$171) -> 0 | X31: =(#REF!*N31/$G$171) -> #REF! | Y31: =G31*O31/100 -> 0 | Z31: =(G31*P31/100) -> 0 | AA31: =(G31*Q31/$G$171) -> 0 | AB31: =(G31*R31/$G$171) -> 0 | AC31: =(G31*S31/$G$171) -> 0 | AD31: =(G31*T31/$G$171) -> 0 | AE31: =(G31*U31/$G$171) -> 0
B32: 5.865 | F32: 50.439 | I32: =G32*I$171/$G$171 -> 0 | L32: 8.6802 | O32: 99.705 | P32: 1.02051 | Q32: 42.228 | R32: 29.325 | S32: 0.5865 | V32: =(G32*L32/$G$171) -> 0 | W32: =(G32*M32/$G$171) -> 0 | X32: =(#REF!*N32/$G$171) -> #REF! | Y32: =G32*O32/100 -> 0 | Z32: =(G32*P32/100) -> 0 | AA32: =(G32*Q32/$G$171) -> 0 | AB32: =(G32*R32/$G$171) -> 0 | AC32: =(G32*S32/$G$171) -> 0 | AD32: =(G32*T32/$G$171) -> 0 | AE32: =(G32*U32/$G$171) -> 0
B33: 5.865 | F33: 50.439 | I33: =G33*I$171/$G$171 -> 0 | L33: 9.384 | M33: 36.9495 | O33: 99.705 | P33: 1.02051 | Q33: 23.46 | R33: 29.325 | S33: 0.63342 | V33: =(G33*L33/$G$171) -> 0 | W33: =(G33*M33/$G$171) -> 0 | X33: =(#REF!*N33/$G$171) -> #REF! | Y33: =G33*O33/100 -> 0 | Z33: =(G33*P33/100) -> 0 | AA33: =(G33*Q33/$G$171) -> 0 | AB33: =(G33*R33/$G$171) -> 0 | AC33: =(G33*S33/$G$171) -> 0 | AD33: =(G33*T33/$G$171) -> 0 | AE33: =(G33*U33/$G$171) -> 0
B34: 5.865 | F34: 50.439 | I34: =G34*I$171/$G$171 -> 0 | L34: 7.3899 | O34: 102.051 | P34: 1.0557 | R34: 32.844 | S34: 0.55131 | V34: =(G34*L34/$G$171) -> 0 | W34: =(G34*M34/$G$171) -> 0 | X34: =(#REF!*N34/$G$171) -> #REF! | Y34: =G34*O34/100 -> 0 | Z34: =(G34*P34/100) -> 0 | AA34: =(G34*Q34/$G$171) -> 0 | AB34: =(G34*R34/$G$171) -> 0 | AC34: =(G34*S34/$G$171) -> 0 | AD34: =(G34*T34/$G$171) -> 0 | AE34: =(G34*U34/$G$171) -> 0
B35: 100.878 | F35: 50.439 | I35: =G35*I$171/$G$171 -> 0 | J35: =SUM(I35:I36) -> 0 | K35: =IF(J35=0," ",H35/J35) | L35: 9.8532 | M35: 37.536 | O35: 103.224 | P35: 0.98532 | Q35: 51.612 | R35: 28.152 | S35: 0.49266 | U35: 0.032844 | V35: =(G35*L35/$G$171) -> 0 | W35: =(G35*M35/$G$171) -> 0 | X35: =(#REF!*N35/$G$171) -> #REF! | Y35: =G35*O35/100 -> 0 | Z35: =(G35*P35/100) -> 0 | AA35: =(G35*Q35/$G$171) -> 0 | AB35: =(G35*R35/$G$171) -> 0 | AC35: =(G35*S35/$G$171) -> 0 | AD35: =(G35*T35/$G$171) -> 0 | AE35: =(G35*U35/$G$171) -> 0
B36: 161.874 | F36: 50.439 | I36: =G36*I$171/$G$171 -> 0 | L36: 9.5013 | O36: 99.705 | P36: 1.02051 | Q36: 48.093 | R36: 37.536 | S36: 0.51612 | V36: =(G36*L36/$G$171) -> 0 | W36: =(G36*M36/$G$171) -> 0 | X36: =(#REF!*N36/$G$171) -> #REF! | Y36: =G36*O36/100 -> 0 | Z36: =(G36*P36/100) -> 0 | AA36: =(G36*Q36/$G$171) -> 0 | AB36: =(G36*R36/$G$171) -> 0 | AC36: =(G36*S36/$G$171) -> 0 | AD36: =(G36*T36/$G$171) -> 0 | AE36: =(G36*U36/$G$171) -> 0
B37: 186.507 | F37: 50.439 | I37: =G37*I$171/$G$171 -> 0 | J37: =SUM(I37:I38) -> 0 | K37: =IF(J37=0," ",H37/J37) | V37: =(G37*L37/$G$171) -> 0 | W37: =(G37*M37/$G$171) -> 0 | X37: =(#REF!*N37/$G$171) -> #REF! | Y37: =G37*O37/100 -> 0 | Z37: =(G37*P37/100) -> 0 | AA37: =(G37*Q37/$G$171) -> 0 | AB37: =(G37*R37/$G$171) -> 0 | AC37: =(G37*S37/$G$171) -> 0 | AD37: =(G37*T37/$G$171) -> 0 | AE37: =(G37*U37/$G$171) -> 0
B38: 186.507 | F38: 50.439 | I38: =G38*I$171/$G$171 -> 0 | V38: =(G38*L38/$G$171) -> 0 | W38: =(G38*M38/$G$171) -> 0 | X38: =(#REF!*N38/$G$171) -> #REF! | Y38: =G38*O38/100 -> 0 | Z38: =(G38*P38/100) -> 0 | AA38: =(G38*Q38/$G$171) -> 0 | AB38: =(G38*R38/$G$171) -> 0 | AC38: =(G38*S38/$G$171) -> 0 | AD38: =(G38*T38/$G$171) -> 0 | AE38: =(G38*U38/$G$171) -> 0
A39: 16.422 | B39: Кузнецкая Ж (ш. Юбилейная) | C39: 16434.199 | F39: 4.692 | H39: 0 | I39: =G39*I$171/$G$171 -> 0 | J39: =SUM(I39:I43) -> 0 | K39: =IF(J39=0," ",H39/J39) | L39: 9.2667 | M39: 37.0668 | O39: 98.532 | P39: 1.09089 | Q39: 16.422 | R39: 39.882 | S39: 0.52785 | U39: 0.0499698 | V39: =(G39*L39/$G$171) -> 0 | W39: =(G39*M39/$G$171) -> 0 | X39: =(#REF!*N39/$G$171) -> #REF! | Y39: =G39*O39/100 -> 0 | Z39: =(G39*P39/100) -> 0 | AA39: =(G39*Q39/$G$171) -> 0 | AB39: =(G39*R39/$G$171) -> 0 | AC39: =(G39*S39/$G$171) -> 0 | AD39: =(G39*T39/$G$171) -> 0 | AE39: =(G39*U39/$G$171) -> 0
B40: 200.583 | C40: 15261.199 | F40: 4.692 | I40: =G40*I$171/$G$171 -> 0 | L40: 8.211 | M40: 36.9495 | O40: 98.532 | P40: 1.09089 | Q40: 16.422 | R40: 39.882 | S40: 0.52785 | U40: 0.0499698 | V40: =(G40*L40/$G$171) -> 0 | W40: =(G40*M40/$G$171) -> 0 | X40: =(#REF!*N40/$G$171) -> #REF! | Y40: =G40*O40/100 -> 0 | Z40: =(G40*P40/100) -> 0 | AA40: =(G40*Q40/$G$171) -> 0 | AB40: =(G40*R40/$G$171) -> 0 | AC40: =(G40*S40/$G$171) -> 0 | AD40: =(G40*T40/$G$171) -> 0 | AE40: =(G40*U40/$G$171) -> 0
B41: 200.583 | C41: 15261.199 | F41: 4.692 | I41: =G41*I$171/$G$171 -> 0 | L41: 7.9764 | M41: 36.7149 | O41: 98.532 | P41: 1.09089 | Q41: 16.422 | R41: 39.882 | S41: 0.52785 | U41: 0.0499698 | V41: =(G41*L41/$G$171) -> 0 | W41: =(G41*M41/$G$171) -> 0 | X41: =(#REF!*N41/$G$171) -> #REF! | Y41: =G41*O41/100 -> 0 | Z41: =(G41*P41/100) -> 0 | AA41: =(G41*Q41/$G$171) -> 0 | AB41: =(G41*R41/$G$171) -> 0 | AC41: =(G41*S41/$G$171) -> 0 | AD41: =(G41*T41/$G$171) -> 0 | AE41: =(G41*U41/$G$171) -> 0
B42: 200.583 | C42: 15261.199 | F42: 4.692 | I42: =G42*I$171/$G$171 -> 0 | L42: 9.384 | M42: 37.6533 | O42: 98.532 | P42: 1.13781 | Q42: 19.941 | R42: 39.882 | S42: 0.56304 | U42: 0.0499698 | V42: =(G42*L42/$G$171) -> 0 | W42: =(G42*M42/$G$171) -> 0 | X42: =(#REF!*N42/$G$171) -> #REF! | Y42: =G42*O42/100 -> 0 | Z42: =(G42*P42/100) -> 0 | AA42: =(G42*Q42/$G$171) -> 0 | AB42: =(G42*R42/$G$171) -> 0 | AC42: =(G42*S42/$G$171) -> 0 | AD42: =(G42*T42/$G$171) -> 0 | AE42: =(G42*U42/$G$171) -> 0
B43: 200.583 | C43: 15261.199 | F43: 4.692 | I43: =G43*I$171/$G$171 -> 0 | L43: 9.8532 | O43: 99.705 | P43: 1.04397 | R43: 38.709 | S43: 0.71553 | V43: =(G43*L43/$G$171) -> 0 | W43: =(G43*M43/$G$171) -> 0 | X43: =(#REF!*N43/$G$171) -> #REF! | Y43: =G43*O43/100 -> 0 | Z43: =(G43*P43/100) -> 0 | AA43: =(G43*Q43/$G$171) -> 0 | AB43: =(G43*R43/$G$171) -> 0 | AC43: =(G43*S43/$G$171) -> 0 | AD43: =(G43*T43/$G$171) -> 0 | AE43: =(G43*U43/$G$171) -> 0
B44: 118.473 | C44: 15261.199 | F44: 4.692 | H44: 0 | I44: =G44*I$171/$G$171 -> 0 | J44: =SUM(I44:I47) -> 0 | K44: =IF(J44=0," ",H44/J44) | L44: 8.7975 | M44: 36.1284 | O44: 98.532 | P44: 1.11435 | Q44: 22.287 | R44: 39.882 | S44: 0.59823 | U44: 0.0499698 | V44: =(G44*L44/$G$171) -> 0 | W44: =(G44*M44/$G$171) -> 0 | X44: =(#REF!*N44/$G$171) -> #REF! | Y44: =G44*O44/100 -> 0 | Z44: =(G44*P44/100) -> 0 | AA44: =(G44*Q44/$G$171) -> 0 | AB44: =(G44*R44/$G$171) -> 0 | AC44: =(G44*S44/$G$171) -> 0 | AD44: =(G44*T44/$G$171) -> 0 | AE44: =(G44*U44/$G$171) -> 0
B45: 118.473 | F45: 4.692 | I45: =G45*I$171/$G$171 -> 0 | L45: 8.7975 | M45: 36.5976 | O45: 98.532 | P45: 1.11435 | Q45: 18.768 | R45: 39.882 | S45: 0.57477 | U45: 0.0499698 | V45: =(G45*L45/$G$171) -> 0 | W45: =(G45*M45/$G$171) -> 0 | X45: =(#REF!*N45/$G$171) -> #REF! | Y45: =G45*O45/100 -> 0 | Z45: =(G45*P45/100) -> 0 | AA45: =(G45*Q45/$G$171) -> 0 | AB45: =(G45*R45/$G$171) -> 0 | AC45: =(G45*S45/$G$171) -> 0 | AD45: =(G45*T45/$G$171) -> 0 | AE45: =(G45*U45/$G$171) -> 0
B46: 118.473 | F46: 4.692 | I46: =G46*I$171/$G$171 -> 0 | L46: 8.211 | M46: 36.9495 | O46: 98.532 | P46: 1.11435 | Q46: 18.768 | R46: 39.882 | S46: 0.57477 | U46: 0.0499698 | V46: =(G46*L46/$G$171) -> 0 | W46: =(G46*M46/$G$171) -> 0 | X46: =(#REF!*N46/$G$171) -> #REF! | Y46: =G46*O46/100 -> 0 | Z46: =(G46*P46/100) -> 0 | AA46: =(G46*Q46/$G$171) -> 0 | AB46: =(G46*R46/$G$171) -> 0 | AC46: =(G46*S46/$G$171) -> 0 | AD46: =(G46*T46/$G$171) -> 0 | AE46: =(G46*U46/$G$171) -> 0
B47: 118.473 | F47: 4.692 | I47: =G47*I$171/$G$171 -> 0 | L47: 8.6802 | M47: 36.4803 | O47: 98.532 | P47: 1.11435 | Q47: 18.768 | R47: 39.882 | S47: 0.57477 | U47: 0.0499698 | V47: =(G47*L47/$G$171) -> 0 | W47: =(G47*M47/$G$171) -> 0 | X47: =(#REF!*N47/$G$171) -> #REF! | Y47: =G47*O47/100 -> 0 | Z47: =(G47*P47/100) -> 0 | AA47: =(G47*Q47/$G$171) -> 0 | AB47: =(G47*R47/$G$171) -> 0 | AC47: =(G47*S47/$G$171) -> 0 | AD47: =(G47*T47/$G$171) -> 0 | AE47: =(G47*U47/$G$171) -> 0
B48: 199.41 | C48: 14261.803 | E48: 0 | F48: Ж | H48: 0 | I48: =G48*I$171/$G$171 -> 0 | J48: =SUM(I48:I50) -> 0 | K48: =IF(J48=0," ",H48/J48) | L48: 9.384 | M48: 38.3571 | O48: 97.359 | P48: 1.11435 | Q48: 21.114 | R48: 36.363 | S48: 0.80937 | T48: 0.647496 | U48: 0.0550137 | V48: =(G48*L48/$G$171) -> 0 | W48: =(G48*M48/$G$171) -> 0 | X48: =(#REF!*N48/$G$171) -> #REF! | Y48: =G48*O48/100 -> 0 | Z48: =(G48*P48/100) -> 0 | AA48: =(G48*Q48/$G$171) -> 0 | AB48: =(G48*R48/$G$171) -> 0 | AC48: =(G48*S48/$G$171) -> 0 | AD48: =(G48*T48/$G$171) -> 0 | AE48: =(G48*U48/$G$171) -> 0
B49: 199.41 | C49: 14261.803 | F49: 4.692 | I49: =G49*I$171/$G$171 -> 0 | L49: 9.7359 | M49: 39.0609 | O49: 97.359 | P49: 1.11435 | Q49: 21.114 | R49: 36.363 | S49: 0.80937 | T49: 0.647496 | U49: 0.0550137 | V49: =(G49*L49/$G$171) -> 0 | W49: =(G49*M49/$G$171) -> 0 | X49: =(#REF!*N49/$G$171) -> #REF! | Y49: =G49*O49/100 -> 0 | Z49: =(G49*P49/100) -> 0 | AA49: =(G49*Q49/$G$171) -> 0 | AB49: =(G49*R49/$G$171) -> 0 | AC49: =(G49*S49/$G$171) -> 0 | AD49: =(G49*T49/$G$171) -> 0 | AE49: =(G49*U49/$G$171) -> 0
B50: 199.41 | C50: 14261.803 | F50: 4.692 | I50: =G50*I$171/$G$171 -> 0 | L50: 9.2667 | M50: 37.4187 | O50: 100.878 | P50: 1.14954 | Q50: 17.595 | R50: 39.882 | S50: 0.64515 | U50: 0.0550137 | V50: =(G50*L50/$G$171) -> 0 | W50: =(G50*M50/$G$171) -> 0 | X50: =(#REF!*N50/$G$171) -> #REF! | Y50: =G50*O50/100 -> 0 | Z50: =(G50*P50/100) -> 0 | AA50: =(G50*Q50/$G$171) -> 0 | AB50: =(G50*R50/$G$171) -> 0 | AC50: =(G50*S50/$G$171) -> 0 | AD50: =(G50*T50/$G$171) -> 0 | AE50: =(G50*U50/$G$171) -> 0
A51: 4.692 | B51: Кузнецкая Ж (ш. Юбилейная) | C51: 14368.886 | D51: 3.519 | E51: 0.81632653 | F51: Ж | H51: 4800 | I51: =G51*I$171/$G$171 -> 0 | J51: =SUM(I51:I54) -> 0 | K51: =IF(J51=0," ",H51/J51) | L51: 9.9705 | M51: 38.4744 | O51: 97.359 | P51: 1.13781 | Q51: 19.941 | R51: 37.536 | S51: 0.75072 | T51: 0.733125 | U51: 0.0550137 | V51: =(G51*L51/$G$171) -> 0 | W51: =(G51*M51/$G$171) -> 0 | X51: =(#REF!*N51/$G$171) -> #REF! | Y51: =G51*O51/100 -> 0 | Z51: =(G51*P51/100) -> 0 | AA51: =(G51*Q51/$G$171) -> 0 | AB51: =(G51*R51/$G$171) -> 0 | AC51: =(G51*S51/$G$171) -> 0 | AD51: =(G51*T51/$G$171) -> 0 | AE51: =(G51*U51/$G$171) -> 0
A52: 12.903 | B52: Кузнецкая Ж (ш. Юбилейная) | C52: 14368.886 | F52: 4.692 | I52: =G52*I$171/$G$171 -> 0 | L52: 10.0878 | M52: 37.536 | O52: 97.359 | P52: 1.13781 | Q52: 21.114 | R52: 37.536 | S52: 0.75072 | T52: 0.733125 | U52: 0.0550137 | V52: =(G52*L52/$G$171) -> 0 | W52: =(G52*M52/$G$171) -> 0 | X52: =(#REF!*N52/$G$171) -> #REF! | Y52: =G52*O52/100 -> 0 | Z52: =(G52*P52/100) -> 0 | AA52: =(G52*Q52/$G$171) -> 0 | AB52: =(G52*R52/$G$171) -> 0 | AC52: =(G52*S52/$G$171) -> 0 | AD52: =(G52*T52/$G$171) -> 0 | AE52: =(G52*U52/$G$171) -> 0
B53: 251.022 | C53: 14368.886 | F53: 4.692 | I53: =G53*I$171/$G$171 -> 0 | L53: 9.8532 | M53: 38.2398 | O53: 100.878 | P53: 1.10262 | Q53: 24.633 | R53: 35.19 | S53: 0.72726 | T53: 0.764796 | U53: 0.0550137 | V53: =(G53*L53/$G$171) -> 0 | W53: =(G53*M53/$G$171) -> 0 | X53: =(#REF!*N53/$G$171) -> #REF! | Y53: =G53*O53/100 -> 0 | Z53: =(G53*P53/100) -> 0 | AA53: =(G53*Q53/$G$171) -> 0 | AB53: =(G53*R53/$G$171) -> 0 | AC53: =(G53*S53/$G$171) -> 0 | AD53: =(G53*T53/$G$171) -> 0 | AE53: =(G53*U53/$G$171) -> 0
A54: 32.844 | B54: Кузнецкая Ж (ш. Юбилейная) | C54: 14368.886 | F54: 4.692 | I54: =G54*I$171/$G$171 -> 0 | L54: 10.6743 | M54: 37.8879 | O54: 97.359 | P54: 1.13781 | Q54: 10.557 | R54: 37.536 | S54: 0.73899 | T54: 0.733125 | U54: 0.0550137 | V54: =(G54*L54/$G$171) -> 0 | W54: =(G54*M54/$G$171) -> 0 | X54: =(#REF!*N54/$G$171) -> #REF! | Y54: =G54*O54/100 -> 0 | Z54: =(G54*P54/100) -> 0 | AA54: =(G54*Q54/$G$171) -> 0 | AB54: =(G54*R54/$G$171) -> 0 | AC54: =(G54*S54/$G$171) -> 0 | AD54: =(G54*T54/$G$171) -> 0 | AE54: =(G54*U54/$G$171) -> 0
B55: 268.617 | C55: 14261.803 | E55: 0 | F55: Ж | H55: 0 | I55: =G55*I$171/$G$171 -> 0 | J55: =SUM(I55:I61) -> 0 | K55: =IF(J55=0," ",H55/J55) | L55: 9.9705 | M55: 37.7706 | O55: 99.705 | P55: 1.09089 | Q55: 31.671 | R55: 36.363 | S55: 0.69207 | T55: 0.647496 | U55: 0.0550137 | V55: =(G55*L55/$G$171) -> 0 | W55: =(G55*M55/$G$171) -> 0 | X55: =(#REF!*N55/$G$171) -> #REF! | Y55: =G55*O55/100 -> 0 | Z55: =(G55*P55/100) -> 0 | AA55: =(G55*Q55/$G$171) -> 0 | AB55: =(G55*R55/$G$171) -> 0 | AC55: =(G55*S55/$G$171) -> 0 | AD55: =(G55*T55/$G$171) -> 0 | AE55: =(G55*U55/$G$171) -> 0
B56: 255.714 | C56: 14322.494 | F56: 4.692 | I56: =G56*I$171/$G$171 -> 0 | L56: 10.2051 | M56: 37.8879 | O56: 99.705 | P56: 1.09089 | S56: 0.66861 | T56: 0.647496 | U56: 0.0550137 | V56: =(G56*L56/$G$171) -> 0 | W56: =(G56*M56/$G$171) -> 0 | X56: =(#REF!*N56/$G$171) -> #REF! | Y56: =G56*O56/100 -> 0 | Z56: =(G56*P56/100) -> 0 | AA56: =(G56*Q56/$G$171) -> 0 | AB56: =(G56*R56/$G$171) -> 0 | AC56: =(G56*S56/$G$171) -> 0 | AD56: =(G56*T56/$G$171) -> 0 | AE56: =(G56*U56/$G$171) -> 0
B57: 255.714 | F57: 4.692 | I57: =G57*I$171/$G$171 -> 0 | L57: 9.8532 | M57: 38.8263 | O57: 98.532 | P57: 1.10262 | Q57: 22.287 | R57: 37.536 | S57: 0.60996 | U57: 0.0550137 | V57: =(G57*L57/$G$171) -> 0 | W57: =(G57*M57/$G$171) -> 0 | X57: =(#REF!*N57/$G$171) -> #REF! | Y57: =G57*O57/100 -> 0 | Z57: =(G57*P57/100) -> 0 | AA57: =(G57*Q57/$G$171) -> 0 | AB57: =(G57*R57/$G$171) -> 0 | AC57: =(G57*S57/$G$171) -> 0 | AD57: =(G57*T57/$G$171) -> 0 | AE57: =(G57*U57/$G$171) -> 0
B58: 92.667 | F58: 4.692 | I58: =G58*I$171/$G$171 -> 0 | L58: 8.211 | M58: 36.7149 | O58: 98.532 | P58: 1.10262 | Q58: 30.498 | R58: 35.19 | S58: 0.69207 | U58: 0.0369495 | V58: =(G58*L58/$G$171) -> 0 | W58: =(G58*M58/$G$171) -> 0 | X58: =(#REF!*N58/$G$171) -> #REF! | Y58: =G58*O58/100 -> 0 | Z58: =(G58*P58/100) -> 0 | AA58: =(G58*Q58/$G$171) -> 0 | AB58: =(G58*R58/$G$171) -> 0 | AC58: =(G58*S58/$G$171) -> 0 | AD58: =(G58*T58/$G$171) -> 0 | AE58: =(G58*U58/$G$171) -> 0
B59: 92.667 | F59: 4.692 | I59: =G59*I$171/$G$171 -> 0 | L59: 10.2051 | M59: 34.2516 | O59: 97.359 | P59: 1.11435 | Q59: 38.709 | R59: 32.844 | S59: 0.51612 | V59: =(G59*L59/$G$171) -> 0 | W59: =(G59*M59/$G$171) -> 0 | X59: =(#REF!*N59/$G$171) -> #REF! | Y59: =G59*O59/100 -> 0 | Z59: =(G59*P59/100) -> 0 | AA59: =(G59*Q59/$G$171) -> 0 | AB59: =(G59*R59/$G$171) -> 0 | AC59: =(G59*S59/$G$171) -> 0 | AD59: =(G59*T59/$G$171) -> 0 | AE59: =(G59*U59/$G$171) -> 0
B60: 92.667 | F60: 4.692 | I60: =G60*I$171/$G$171 -> 0 | L60: 10.3224 | M60: 34.8381 | O60: 97.359 | P60: 1.11435 | Q60: 39.882 | R60: 30.498 | S60: 0.63342 | U60: 0.0369495 | V60: =(G60*L60/$G$171) -> 0 | W60: =(G60*M60/$G$171) -> 0 | X60: =(#REF!*N60/$G$171) -> #REF! | Y60: =G60*O60/100 -> 0 | Z60: =(G60*P60/100) -> 0 | AA60: =(G60*Q60/$G$171) -> 0 | AB60: =(G60*R60/$G$171) -> 0 | AC60: =(G60*S60/$G$171) -> 0 | AD60: =(G60*T60/$G$171) -> 0 | AE60: =(G60*U60/$G$171) -> 0
B61: 92.667 | F61: 4.692 | I61: =G61*I$171/$G$171 -> 0 | L61: 10.6743 | M61: 38.8263 | O61: 98.532 | P61: 1.10262 | Q61: 19.941 | R61: 38.709 | S61: 0.92667 | V61: =(G61*L61/$G$171) -> 0 | W61: =(G61*M61/$G$171) -> 0 | X61: =(#REF!*N61/$G$171) -> #REF! | Y61: =G61*O61/100 -> 0 | Z61: =(G61*P61/100) -> 0 | AA61: =(G61*Q61/$G$171) -> 0 | AB61: =(G61*R61/$G$171) -> 0 | AC61: =(G61*S61/$G$171) -> 0 | AD61: =(G61*T61/$G$171) -> 0 | AE61: =(G61*U61/$G$171) -> 0
B62: 140.76 | F62: 4.692 | I62: =G62*I$171/$G$171 -> 0 | J62: =SUM(I62:I67) -> 0 | K62: =IF(J62=0," ",H62/J62) | L62: 10.6743 | M62: 38.8263 | O62: 96.186 | P62: 1.13781 | Q62: 34.017 | R62: 34.017 | S62: 0.92667 | V62: =(G62*L62/$G$171) -> 0 | W62: =(G62*M62/$G$171) -> 0 | X62: =(#REF!*N62/$G$171) -> #REF! | Y62: =G62*O62/100 -> 0 | Z62: =(G62*P62/100) -> 0 | AA62: =(G62*Q62/$G$171) -> 0 | AB62: =(G62*R62/$G$171) -> 0 | AC62: =(G62*S62/$G$171) -> 0 | AD62: =(G62*T62/$G$171) -> 0 | AE62: =(G62*U62/$G$171) -> 0
B63: 140.76 | F63: 4.692 | I63: =G63*I$171/$G$171 -> 0 | L63: 8.0937 | M63: 34.2516 | O63: 91.494 | P63: 1.13781 | Q63: 9.384 | R63: 41.055 | S63: 0.56304 | V63: =(G63*L63/$G$171) -> 0 | W63: =(G63*M63/$G$171) -> 0 | X63: =(#REF!*N63/$G$171) -> #REF! | Y63: =G63*O63/100 -> 0 | Z63: =(G63*P63/100) -> 0 | AA63: =(G63*Q63/$G$171) -> 0 | AB63: =(G63*R63/$G$171) -> 0 | AC63: =(G63*S63/$G$171) -> 0 | AD63: =(G63*T63/$G$171) -> 0 | AE63: =(G63*U63/$G$171) -> 0
B64: 140.76 | F64: 4.692 | I64: =G64*I$171/$G$171 -> 0 | L64: 9.0321 | M64: 34.2516 | O64: 91.494 | P64: 1.13781 | Q64: 24.633 | R64: 37.536 | S64: 0.56304 | V64: =(G64*L64/$G$171) -> 0 | W64: =(G64*M64/$G$171) -> 0 | X64: =(#REF!*N64/$G$171) -> #REF! | Y64: =G64*O64/100 -> 0 | Z64: =(G64*P64/100) -> 0 | AA64: =(G64*Q64/$G$171) -> 0 | AB64: =(G64*R64/$G$171) -> 0 | AC64: =(G64*S64/$G$171) -> 0 | AD64: =(G64*T64/$G$171) -> 0 | AE64: =(G64*U64/$G$171) -> 0
B65: 140.76 | F65: 4.692 | I65: =G65*I$171/$G$171 -> 0 | L65: 9.8532 | O65: 97.359 | P65: 1.12608 | Q65: 1.173 | R65: 42.228 | S65: 0.52785 | V65: =(G65*L65/$G$171) -> 0 | W65: =(G65*M65/$G$171) -> 0 | X65: =(#REF!*N65/$G$171) -> #REF! | Y65: =G65*O65/100 -> 0 | Z65: =(G65*P65/100) -> 0 | AA65: =(G65*Q65/$G$171) -> 0 | AB65: =(G65*R65/$G$171) -> 0 | AC65: =(G65*S65/$G$171) -> 0 | AD65: =(G65*T65/$G$171) -> 0 | AE65: =(G65*U65/$G$171) -> 0
B66: 140.76 | F66: 4.692 | I66: =G66*I$171/$G$171 -> 0 | L66: 8.4456 | O66: 97.359 | P66: 1.12608 | Q66: 17.595 | R66: 37.536 | S66: 0.57477 | V66: =(G66*L66/$G$171) -> 0 | W66: =(G66*M66/$G$171) -> 0 | X66: =(#REF!*N66/$G$171) -> #REF! | Y66: =G66*O66/100 -> 0 | Z66: =(G66*P66/100) -> 0 | AA66: =(G66*Q66/$G$171) -> 0 | AB66: =(G66*R66/$G$171) -> 0 | AC66: =(G66*S66/$G$171) -> 0 | AD66: =(G66*T66/$G$171) -> 0 | AE66: =(G66*U66/$G$171) -> 0
B67: 140.76 | F67: 4.692 | I67: =G67*I$171/$G$171 -> 0 | L67: 9.384 | O67: 97.359 | P67: 1.12608 | R67: 35.19 | S67: 0.59823 | V67: =(G67*L67/$G$171) -> 0 | W67: =(G67*M67/$G$171) -> 0 | X67: =(#REF!*N67/$G$171) -> #REF! | Y67: =G67*O67/100 -> 0 | Z67: =(G67*P67/100) -> 0 | AA67: =(G67*Q67/$G$171) -> 0 | AB67: =(G67*R67/$G$171) -> 0 | AC67: =(G67*S67/$G$171) -> 0 | AD67: =(G67*T67/$G$171) -> 0 | AE67: =(G67*U67/$G$171) -> 0
B68: 92.667 | F68: 4.692 | H68: 0 | I68: =G68*I$171/$G$171 -> 0 | J68: =SUM(I68:I70) -> 0 | K68: =IF(J68=0," ",H68/J68) | L68: 9.8532 | M68: 36.8322 | O68: 96.186 | P68: 1.13781 | Q68: 17.595 | R68: 35.19 | S68: 0.63342 | U68: 0.0369495 | V68: =(G68*L68/$G$171) -> 0 | W68: =(G68*M68/$G$171) -> 0 | X68: =(#REF!*N68/$G$171) -> #REF! | Y68: =G68*O68/100 -> 0 | Z68: =(G68*P68/100) -> 0 | AA68: =(G68*Q68/$G$171) -> 0 | AB68: =(G68*R68/$G$171) -> 0 | AC68: =(G68*S68/$G$171) -> 0 | AD68: =(G68*T68/$G$171) -> 0 | AE68: =(G68*U68/$G$171) -> 0
B69: 92.667 | F69: 4.692 | I69: =G69*I$171/$G$171 -> 0 | L69: 8.6802 | M69: 35.5419 | O69: 100.878 | P69: 1.18473 | Q69: 17.595 | R69: 35.19 | S69: 0.63342 | U69: 0.0369495 | V69: =(G69*L69/$G$171) -> 0 | W69: =(G69*M69/$G$171) -> 0 | X69: =(#REF!*N69/$G$171) -> #REF! | Y69: =G69*O69/100 -> 0 | Z69: =(G69*P69/100) -> 0 | AA69: =(G69*Q69/$G$171) -> 0 | AB69: =(G69*R69/$G$171) -> 0 | AC69: =(G69*S69/$G$171) -> 0 | AD69: =(G69*T69/$G$171) -> 0 | AE69: =(G69*U69/$G$171) -> 0
B70: 92.667 | F70: 4.692 | I70: =G70*I$171/$G$171 -> 0 | L70: 10.9089 | O70: 98.532 | P70: 1.14954 | R70: 30.498 | S70: 0.60996 | V70: =(G70*L70/$G$171) -> 0 | W70: =(G70*M70/$G$171) -> 0 | X70: =(#REF!*N70/$G$171) -> #REF! | Y70: =G70*O70/100 -> 0 | Z70: =(G70*P70/100) -> 0 | AA70: =(G70*Q70/$G$171) -> 0 | AB70: =(G70*R70/$G$171) -> 0 | AC70: =(G70*S70/$G$171) -> 0 | AD70: =(G70*T70/$G$171) -> 0 | AE70: =(G70*U70/$G$171) -> 0
B71: 267.444 | C71: 15805.014 | F71: 4.692 | H71: 0 | I71: =G71*I$171/$G$171 -> 0 | J71: =SUM(I71:I75) -> 0 | K71: =IF(J71=0," ",H71/J71) | L71: 4.1055 | M71: 43.8702 | O71: 111.435 | P71: 1.04397 | Q71: 23.46 | R71: 49.266 | S71: 0.42228 | U71: 0.0004692 | V71: =(G71*L71/$G$171) -> 0 | W71: =(G71*M71/$G$171) -> 0 | X71: =(#REF!*N71/$G$171) -> #REF! | Y71: =G71*O71/100 -> 0 | Z71: =(G71*P71/100) -> 0 | AA71: =(G71*Q71/$G$171) -> 0 | AB71: =(G71*R71/$G$171) -> 0 | AC71: =(G71*S71/$G$171) -> 0 | AD71: =(G71*T71/$G$171) -> 0 | AE71: =(G71*U71/$G$171) -> 0
B72: 267.444 | F72: 4.692 | I72: =G72*I$171/$G$171 -> 0 | L72: 4.1055 | M72: 43.6356 | O72: 113.781 | P72: 1.02051 | Q72: 28.152 | R72: 44.574 | S72: 0.43401 | U72: 0.0004692 | V72: =(G72*L72/$G$171) -> 0 | W72: =(G72*M72/$G$171) -> 0 | X72: =(#REF!*N72/$G$171) -> #REF! | Y72: =G72*O72/100 -> 0 | Z72: =(G72*P72/100) -> 0 | AA72: =(G72*Q72/$G$171) -> 0 | AB72: =(G72*R72/$G$171) -> 0 | AC72: =(G72*S72/$G$171) -> 0 | AD72: =(G72*T72/$G$171) -> 0 | AE72: =(G72*U72/$G$171) -> 0
B73: 267.444 | F73: 4.692 | I73: =G73*I$171/$G$171 -> 0 | L73: 3.7536 | M73: 43.5183 | O73: 113.781 | P73: 1.02051 | Q73: 37.536 | R73: 49.266 | S73: 0.42228 | U73: 0.0004692 | V73: =(G73*L73/$G$171) -> 0 | W73: =(G73*M73/$G$171) -> 0 | X73: =(#REF!*N73/$G$171) -> #REF! | Y73: =G73*O73/100 -> 0 | Z73: =(G73*P73/100) -> 0 | AA73: =(G73*Q73/$G$171) -> 0 | AB73: =(G73*R73/$G$171) -> 0 | AC73: =(G73*S73/$G$171) -> 0 | AD73: =(G73*T73/$G$171) -> 0 | AE73: =(G73*U73/$G$171) -> 0
B74: 141.933 | F74: 4.692 | I74: =G74*I$171/$G$171 -> 0 | L74: 7.7418 | M74: 40.7031 | O74: 110.262 | P74: 1.03224 | Q74: 9.384 | R74: 42.228 | S74: 0.56304 | V74: =(G74*L74/$G$171) -> 0 | W74: =(G74*M74/$G$171) -> 0 | X74: =(#REF!*N74/$G$171) -> #REF! | Y74: =G74*O74/100 -> 0 | Z74: =(G74*P74/100) -> 0 | AA74: =(G74*Q74/$G$171) -> 0 | AB74: =(G74*R74/$G$171) -> 0 | AC74: =(G74*S74/$G$171) -> 0 | AD74: =(G74*T74/$G$171) -> 0 | AE74: =(G74*U74/$G$171) -> 0
B75: 141.933 | F75: 4.692 | I75: =G75*I$171/$G$171 -> 0 | L75: 7.5072 | O75: 98.532 | P75: 1.02051 | R75: 42.228 | S75: 0.60996 | V75: =(G75*L75/$G$171) -> 0 | W75: =(G75*M75/$G$171) -> 0 | X75: =(#REF!*N75/$G$171) -> #REF! | Y75: =G75*O75/100 -> 0 | Z75: =(G75*P75/100) -> 0 | AA75: =(G75*Q75/$G$171) -> 0 | AB75: =(G75*R75/$G$171) -> 0 | AC75: =(G75*S75/$G$171) -> 0 | AD75: =(G75*T75/$G$171) -> 0 | AE75: =(G75*U75/$G$171) -> 0
B76: 337.824 | C76: 13632.066 | E76: 0 | F76: Ж | H76: 0 | I76: =G76*I$171/$G$171 -> 0 | J76: =SUM(I76:I79) -> 0 | K76: =IF(J76=0," ",H76/J76) | L76: 8.7975 | M76: 36.0111 | O76: 92.667 | P76: 1.176519 | Q76: 34.017 | R76: 25.806 | S76: 0.72726 | T76: 0.236946 | V76: =(G76*L76/$G$171) -> 0 | W76: =(G76*M76/$G$171) -> 0 | X76: =(#REF!*N76/$G$171) -> #REF! | Y76: =G76*O76/100 -> 0 | Z76: =(G76*P76/100) -> 0 | AA76: =(G76*Q76/$G$171) -> 0 | AB76: =(G76*R76/$G$171) -> 0 | AC76: =(G76*S76/$G$171) -> 0 | AD76: =(G76*T76/$G$171) -> 0 | AE76: =(G76*U76/$G$171) -> 0
B77: 337.824 | C77: 13142.89 | F77: 4.692 | I77: =G77*I$171/$G$171 -> 0 | L77: 8.7975 | M77: 36.0111 | O77: 92.667 | P77: 1.176519 | Q77: 34.017 | R77: 25.806 | S77: 0.72726 | T77: 0.24633 | V77: =(G77*L77/$G$171) -> 0 | W77: =(G77*M77/$G$171) -> 0 | X77: =(#REF!*N77/$G$171) -> #REF! | Y77: =G77*O77/100 -> 0 | Z77: =(G77*P77/100) -> 0 | AA77: =(G77*Q77/$G$171) -> 0 | AB77: =(G77*R77/$G$171) -> 0 | AC77: =(G77*S77/$G$171) -> 0 | AD77: =(G77*T77/$G$171) -> 0 | AE77: =(G77*U77/$G$171) -> 0
B78: 150.144 | F78: 4.692 | I78: =G78*I$171/$G$171 -> 0 | L78: 10.2051 | O78: 92.667 | P78: 1.11435 | R78: 36.363 | S78: 0.62169 | V78: =(G78*L78/$G$171) -> 0 | W78: =(G78*M78/$G$171) -> 0 | X78: =(#REF!*N78/$G$171) -> #REF! | Y78: =G78*O78/100 -> 0 | Z78: =(G78*P78/100) -> 0 | AA78: =(G78*Q78/$G$171) -> 0 | AB78: =(G78*R78/$G$171) -> 0 | AC78: =(G78*S78/$G$171) -> 0 | AD78: =(G78*T78/$G$171) -> 0 | AE78: =(G78*U78/$G$171) -> 0
B79: 150.144 | F79: 4.692 | I79: =G79*I$171/$G$171 -> 0 | L79: 10.3224 | O79: 104.397 | P79: 1.12608 | R79: 39.882 | S79: 0.60996 | V79: =(G79*L79/$G$171) -> 0 | W79: =(G79*M79/$G$171) -> 0 | X79: =(#REF!*N79/$G$171) -> #REF! | Y79: =G79*O79/100 -> 0 | Z79: =(G79*P79/100) -> 0 | AA79: =(G79*Q79/$G$171) -> 0 | AB79: =(G79*R79/$G$171) -> 0 | AC79: =(G79*S79/$G$171) -> 0 | AD79: =(G79*T79/$G$171) -> 0 | AE79: =(G79*U79/$G$171) -> 0
B80: 163.047 | F80: 4.692 | I80: =G80*I$171/$G$171 -> 0 | J80: =SUM(I80:I83) -> 0 | K80: =IF(J80=0," ",H80/J80) | L80: 11.0262 | M80: 34.1343 | O80: 73.899 | P80: 1.11435 | Q80: 57.477 | R80: 22.287 | S80: 0.50439 | V80: =(G80*L80/$G$171) -> 0 | W80: =(G80*M80/$G$171) -> 0 | X80: =(#REF!*N80/$G$171) -> #REF! | Y80: =G80*O80/100 -> 0 | Z80: =(G80*P80/100) -> 0 | AA80: =(G80*Q80/$G$171) -> 0 | AB80: =(G80*R80/$G$171) -> 0 | AC80: =(G80*S80/$G$171) -> 0 | AD80: =(G80*T80/$G$171) -> 0 | AE80: =(G80*U80/$G$171) -> 0
B81: 163.047 | I81: =G81*I$171/$G$171 -> 0 | L81: 10.4397 | M81: 32.3748 | O81: 71.553 | P81: 1.11435 | Q81: 57.477 | R81: 22.287 | S81: 0.50439 | V81: =(G81*L81/$G$171) -> 0 | W81: =(G81*M81/$G$171) -> 0 | X81: =(#REF!*N81/$G$171) -> #REF! | Y81: =G81*O81/100 -> 0 | Z81: =(G81*P81/100) -> 0 | AA81: =(G81*Q81/$G$171) -> 0 | AB81: =(G81*R81/$G$171) -> 0 | AC81: =(G81*S81/$G$171) -> 0 | AD81: =(G81*T81/$G$171) -> 0 | AE81: =(G81*U81/$G$171) -> 0
B82: 163.047 | F82: 123.165 | I82: =G82*I$171/$G$171 -> 0 | L82: 8.4456 | M82: 32.3748 | O82: 73.899 | P82: 1.16127 | Q82: 50.439 | R82: 21.114 | S82: 0.37536 | V82: =(G82*L82/$G$171) -> 0 | W82: =(G82*M82/$G$171) -> 0 | X82: =(#REF!*N82/$G$171) -> #REF! | Y82: =G82*O82/100 -> 0 | Z82: =(G82*P82/100) -> 0 | AA82: =(G82*Q82/$G$171) -> 0 | AB82: =(G82*R82/$G$171) -> 0 | AC82: =(G82*S82/$G$171) -> 0 | AD82: =(G82*T82/$G$171) -> 0 | AE82: =(G82*U82/$G$171) -> 0
B83: 163.047 | F83: 123.165 | I83: =G83*I$171/$G$171 -> 0 | L83: 10.4397 | O83: 71.553 | P83: 1.173 | R83: 22.287 | S83: 0.41055 | V83: =(G83*L83/$G$171) -> 0 | W83: =(G83*M83/$G$171) -> 0 | X83: =(#REF!*N83/$G$171) -> #REF! | Y83: =G83*O83/100 -> 0 | Z83: =(G83*P83/100) -> 0 | AA83: =(G83*Q83/$G$171) -> 0 | AB83: =(G83*R83/$G$171) -> 0 | AC83: =(G83*S83/$G$171) -> 0 | AD83: =(G83*T83/$G$171) -> 0 | AE83: =(G83*U83/$G$171) -> 0
A84: 7.038 | B84: Краснокаменская КЖ | C84: 12389.156 | D84: 23.46 | E84: 16.857143 | F84: КЖ | G84: 15.249 | H84: 1900 | I84: =G84*I$171/$G$171 -> 294.1368 | J84: =SUM(I84:I91) -> 294.1368 | K84: =IF(J84=0," ",(H84)/J84) -> 6.4595795 | L84: 7.9764 | M84: 33.6651 | O84: 69.207 | P84: 1.18473 | Q84: 43.401 | R84: 21.114 | S84: 0.51612 | T84: 0.769488 | U84: 0.09384 | V84: =(G84*L84/$G$171) -> 0.884 | W84: =(G84*M84/$G$171) -> 3.731 | X84: =(#REF!*N84/$G$171) -> #REF! | Y84: =G84*O84/100 -> 7.67 | Z84: =(G84*P84/100) -> 0.1313 | AA84: =(G84*Q84/$G$171) -> 4.81 | AB84: =(G84*R84/$G$171) -> 2.34 | AC84: =(G84*S84/$G$171) -> 0.0572 | AD84: =(G84*T84/$G$171) -> 0.08528 | AE84: =(G84*U84/$G$171) -> 0.0104
A85: 16.422 | B85: Краснокаменская КЖ | C85: 12389.156 | F85: 123.165 | I85: =G85*I$171/$G$171 -> 0 | L85: 6.9207 | M85: 34.3689 | O85: 69.207 | P85: 1.18473 | Q85: 43.401 | R85: 21.114 | S85: 0.51612 | T85: 0.769488 | U85: 0.09384 | V85: =(G85*L85/$G$171) -> 0 | W85: =(G85*M85/$G$171) -> 0 | X85: =(#REF!*N85/$G$171) -> #REF! | Y85: =G85*O85/100 -> 0 | Z85: =(G85*P85/100) -> 0 | AA85: =(G85*Q85/$G$171) -> 0 | AB85: =(G85*R85/$G$171) -> 0 | AC85: =(G85*S85/$G$171) -> 0 | AD85: =(G85*T85/$G$171) -> 0 | AE85: =(G85*U85/$G$171) -> 0
B86: 138.414 | C86: 12389.156 | F86: 123.165 | I86: =G86*I$171/$G$171 -> 0 | L86: 7.3899 | M86: 32.9613 | O86: 69.207 | P86: 1.16127 | Q86: 53.958 | R86: 19.941 | S86: 0.52785 | T86: 0.769488 | U86: 0.09384 | V86: =(G86*L86/$G$171) -> 0 | W86: =(G86*M86/$G$171) -> 0 | X86: =(#REF!*N86/$G$171) -> #REF! | Y86: =G86*O86/100 -> 0 | Z86: =(G86*P86/100) -> 0 | AA86: =(G86*Q86/$G$171) -> 0 | AB86: =(G86*R86/$G$171) -> 0 | AC86: =(G86*S86/$G$171) -> 0 | AD86: =(G86*T86/$G$171) -> 0 | AE86: =(G86*U86/$G$171) -> 0
B87: 138.414 | C87: 12279.034 | F87: 123.165 | I87: =G87*I$171/$G$171 -> 0 | L87: 7.5072 | M87: 32.844 | O87: 69.207 | P87: 1.18473 | Q87: 37.536 | R87: 21.114 | S87: 0.55131 | T87: 0.769488 | U87: 0.09384 | V87: =(G87*L87/$G$171) -> 0 | W87: =(G87*M87/$G$171) -> 0 | X87: =(#REF!*N87/$G$171) -> #REF! | Y87: =G87*O87/100 -> 0 | Z87: =(G87*P87/100) -> 0 | AA87: =(G87*Q87/$G$171) -> 0 | AB87: =(G87*R87/$G$171) -> 0 | AC87: =(G87*S87/$G$171) -> 0 | AD87: =(G87*T87/$G$171) -> 0 | AE87: =(G87*U87/$G$171) -> 0
B88: 138.414 | C88: 12279.034 | F88: 123.165 | I88: =G88*I$171/$G$171 -> 0 | L88: 9.7359 | M88: 34.3689 | O88: 69.207 | P88: 1.18473 | Q88: 49.266 | R88: 19.941 | S88: 0.41055 | T88: 0.769488 | U88: 0.09384 | V88: =(G88*L88/$G$171) -> 0 | W88: =(G88*M88/$G$171) -> 0 | X88: =(#REF!*N88/$G$171) -> #REF! | Y88: =G88*O88/100 -> 0 | Z88: =(G88*P88/100) -> 0 | AA88: =(G88*Q88/$G$171) -> 0 | AB88: =(G88*R88/$G$171) -> 0 | AC88: =(G88*S88/$G$171) -> 0 | AD88: =(G88*T88/$G$171) -> 0 | AE88: =(G88*U88/$G$171) -> 0
B89: 138.414 | C89: 12279.034 | F89: 123.165 | I89: =G89*I$171/$G$171 -> 0 | L89: 8.5629 | M89: 32.4921 | O89: 78.591 | P89: 1.16127 | Q89: 58.65 | R89: 19.941 | S89: 0.50439 | T89: 0.769488 | U89: 0.09384 | V89: =(G89*L89/$G$171) -> 0 | W89: =(G89*M89/$G$171) -> 0 | X89: =(#REF!*N89/$G$171) -> #REF! | Y89: =G89*O89/100 -> 0 | Z89: =(G89*P89/100) -> 0 | AA89: =(G89*Q89/$G$171) -> 0 | AB89: =(G89*R89/$G$171) -> 0 | AC89: =(G89*S89/$G$171) -> 0 | AD89: =(G89*T89/$G$171) -> 0 | AE89: =(G89*U89/$G$171) -> 0
B90: 138.414 | C90: 12279.034 | F90: 123.165 | I90: =G90*I$171/$G$171 -> 0 | L90: 8.7975 | M90: 30.9672 | O90: 70.38 | P90: 1.13781 | Q90: 57.477 | R90: 21.114 | S90: 0.53958 | T90: 0.769488 | U90: 0.09384 | V90: =(G90*L90/$G$171) -> 0 | W90: =(G90*M90/$G$171) -> 0 | X90: =(#REF!*N90/$G$171) -> #REF! | Y90: =G90*O90/100 -> 0 | Z90: =(G90*P90/100) -> 0 | AA90: =(G90*Q90/$G$171) -> 0 | AB90: =(G90*R90/$G$171) -> 0 | AC90: =(G90*S90/$G$171) -> 0 | AD90: =(G90*T90/$G$171) -> 0 | AE90: =(G90*U90/$G$171) -> 0
B91: 138.414 | F91: 123.165 | I91: =G91*I$171/$G$171 -> 0 | L91: 9.0321 | M91: 31.5537 | O91: 68.034 | P91: 1.23165 | Q91: 59.823 | R91: 21.114 | S91: 0.48093 | U91: 0.09384 | V91: =(G91*L91/$G$171) -> 0 | W91: =(G91*M91/$G$171) -> 0 | X91: =(#REF!*N91/$G$171) -> #REF! | Y91: =G91*O91/100 -> 0 | Z91: =(G91*P91/100) -> 0 | AA91: =(G91*Q91/$G$171) -> 0 | AB91: =(G91*R91/$G$171) -> 0 | AC91: =(G91*S91/$G$171) -> 0 | AD91: =(G91*T91/$G$171) -> 0 | AE91: =(G91*U91/$G$171) -> 0
B92: 113.781 | C92: 15344.635 | F92: 19.941 | H92: 0 | I92: =G92*I$171/$G$171 -> 0 | J92: =SUM(I92:I99) -> 0 | K92: =IF(J92=0," ",H92/J92) | L92: 12.1992 | M92: 24.9849 | O92: 59.823 | P92: 1.39587 | Q92: 46.92 | R92: 18.768 | S92: 1.02051 | T92: 0.060996 | U92: 0.004692 | V92: =(G92*L92/$G$171) -> 0 | W92: =(G92*M92/$G$171) -> 0 | X92: =(#REF!*N92/$G$171) -> #REF! | Y92: =G92*O92/100 -> 0 | Z92: =(G92*P92/100) -> 0 | AA92: =(G92*Q92/$G$171) -> 0 | AB92: =(G92*R92/$G$171) -> 0 | AC92: =(G92*S92/$G$171) -> 0 | AD92: =(G92*T92/$G$171) -> 0 | AE92: =(G92*U92/$G$171) -> 0
B93: 113.781 | C93: 17062.083 | F93: 19.941 | I93: =G93*I$171/$G$171 -> 0 | L93: 12.0819 | M93: 20.7621 | O93: 55.131 | P93: 1.46625 | Q93: 44.574 | R93: 17.595 | S93: 0.78591 | U93: 0.004692 | V93: =(G93*L93/$G$171) -> 0 | W93: =(G93*M93/$G$171) -> 0 | X93: =(#REF!*N93/$G$171) -> #REF! | Y93: =G93*O93/100 -> 0 | Z93: =(G93*P93/100) -> 0 | AA93: =(G93*Q93/$G$171) -> 0 | AB93: =(G93*R93/$G$171) -> 0 | AC93: =(G93*S93/$G$171) -> 0 | AD93: =(G93*T93/$G$171) -> 0 | AE93: =(G93*U93/$G$171) -> 0
B94: 113.781 | C94: 17062.083 | F94: 19.941 | I94: =G94*I$171/$G$171 -> 0 | L94: 10.6743 | M94: 23.6946 | O94: 55.131 | P94: 1.46625 | Q94: 46.92 | R94: 19.941 | S94: 0.84456 | U94: 0.004692 | V94: =(G94*L94/$G$171) -> 0 | W94: =(G94*M94/$G$171) -> 0 | X94: =(#REF!*N94/$G$171) -> #REF! | Y94: =G94*O94/100 -> 0 | Z94: =(G94*P94/100) -> 0 | AA94: =(G94*Q94/$G$171) -> 0 | AB94: =(G94*R94/$G$171) -> 0 | AC94: =(G94*S94/$G$171) -> 0 | AD94: =(G94*T94/$G$171) -> 0 | AE94: =(G94*U94/$G$171) -> 0
B95: 113.781 | C95: 18411.033 | F95: 19.941 | I95: =G95*I$171/$G$171 -> 0 | L95: 11.1435 | M95: 22.1697 | O95: 50.439 | P95: 1.47798 | Q95: 48.093 | R95: 16.422 | S95: 0.76245 | U95: 0.004692 | V95: =(G95*L95/$G$171) -> 0 | W95: =(G95*M95/$G$171) -> 0 | X95: =(#REF!*N95/$G$171) -> #REF! | Y95: =G95*O95/100 -> 0 | Z95: =(G95*P95/100) -> 0 | AA95: =(G95*Q95/$G$171) -> 0 | AB95: =(G95*R95/$G$171) -> 0 | AC95: =(G95*S95/$G$171) -> 0 | AD95: =(G95*T95/$G$171) -> 0 | AE95: =(G95*U95/$G$171) -> 0
B96: 113.781 | F96: 19.941 | I96: =G96*I$171/$G$171 -> 0 | L96: 10.0878 | M96: 22.7562 | O96: 46.92 | P96: 1.38414 | Q96: 52.785 | R96: 17.595 | S96: 0.8211 | U96: 0.004692 | V96: =(G96*L96/$G$171) -> 0 | W96: =(G96*M96/$G$171) -> 0 | X96: =(#REF!*N96/$G$171) -> #REF! | Y96: =G96*O96/100 -> 0 | Z96: =(G96*P96/100) -> 0 | AA96: =(G96*Q96/$G$171) -> 0 | AB96: =(G96*R96/$G$171) -> 0 | AC96: =(G96*S96/$G$171) -> 0 | AD96: =(G96*T96/$G$171) -> 0 | AE96: =(G96*U96/$G$171) -> 0
B97: 113.781 | F97: 19.941 | I97: =G97*I$171/$G$171 -> 0 | L97: 11.0262 | M97: 21.7005 | O97: 55.131 | P97: 1.4076 | Q97: 41.055 | R97: 14.076 | S97: 0.79764 | U97: 0.004692 | V97: =(G97*L97/$G$171) -> 0 | W97: =(G97*M97/$G$171) -> 0 | X97: =(#REF!*N97/$G$171) -> #REF! | Y97: =G97*O97/100 -> 0 | Z97: =(G97*P97/100) -> 0 | AA97: =(G97*Q97/$G$171) -> 0 | AB97: =(G97*R97/$G$171) -> 0 | AC97: =(G97*S97/$G$171) -> 0 | AD97: =(G97*T97/$G$171) -> 0 | AE97: =(G97*U97/$G$171) -> 0
B98: 113.781 | F98: 19.941 | I98: =G98*I$171/$G$171 -> 0 | L98: 12.1992 | M98: 23.5773 | O98: 55.131 | P98: 1.4076 | Q98: 46.92 | R98: 19.941 | S98: 0.65688 | U98: 0.004692 | V98: =(G98*L98/$G$171) -> 0 | W98: =(G98*M98/$G$171) -> 0 | X98: =(#REF!*N98/$G$171) -> #REF! | Y98: =G98*O98/100 -> 0 | Z98: =(G98*P98/100) -> 0 | AA98: =(G98*Q98/$G$171) -> 0 | AB98: =(G98*R98/$G$171) -> 0 | AC98: =(G98*S98/$G$171) -> 0 | AD98: =(G98*T98/$G$171) -> 0 | AE98: =(G98*U98/$G$171) -> 0
B99: 113.781 | F99: 19.941 | I99: =G99*I$171/$G$171 -> 0 | L99: 11.4954 | M99: 21.3486 | O99: 49.266 | P99: 1.47798 | Q99: 56.304 | R99: 17.595 | S99: 0.86802 | U99: 0.004692 | V99: =(G99*L99/$G$171) -> 0 | W99: =(G99*M99/$G$171) -> 0 | X99: =(#REF!*N99/$G$171) -> #REF! | Y99: =G99*O99/100 -> 0 | Z99: =(G99*P99/100) -> 0 | AA99: =(G99*Q99/$G$171) -> 0 | AB99: =(G99*R99/$G$171) -> 0 | AC99: =(G99*S99/$G$171) -> 0 | AD99: =(G99*T99/$G$171) -> 0 | AE99: =(G99*U99/$G$171) -> 0
B100: 346.035 | C100: 13809.729 | E100: 0 | F100: К9 | H100: 0 | I100: =G100*I$171/$G$171 -> 0 | J100: =SUM(I100:I101) -> 0 | K100: =IF(J100=0," ",H100/J100) | L100: 13.2549 | M100: 20.0583 | O100: 68.034 | P100: 1.77123 | Q100: 31.671 | R100: 12.903 | S100: 0.2346 | T100: 0.25806 | U100: 0.0357765 | V100: =(G100*L100/$G$171) -> 0 | W100: =(G100*M100/$G$171) -> 0 | X100: =(#REF!*N100/$G$171) -> #REF! | Y100: =G100*O100/100 -> 0 | Z100: =(G100*P100/100) -> 0 | AA100: =(G100*Q100/$G$171) -> 0 | AB100: =(G100*R100/$G$171) -> 0 | AC100: =(G100*S100/$G$171) -> 0 | AD100: =(G100*T100/$G$171) -> 0 | AE100: =(G100*U100/$G$171) -> 0
B101: 346.035 | C101: 13809.729 | F101: 312.018 | I101: =G101*I$171/$G$171 -> 0 | L101: 12.4338 | M101: 21.7005 | O101: 68.034 | P101: 1.77123 | Q101: 43.401 | R101: 15.249 | S101: 0.24633 | T101: 0.25806 | U101: 0.0357765 | V101: =(G101*L101/$G$171) -> 0 | W101: =(G101*M101/$G$171) -> 0 | X101: =(#REF!*N101/$G$171) -> #REF! | Y101: =G101*O101/100 -> 0 | Z101: =(G101*P101/100) -> 0 | AA101: =(G101*Q101/$G$171) -> 0 | AB101: =(G101*R101/$G$171) -> 0 | AC101: =(G101*S101/$G$171) -> 0 | AD101: =(G101*T101/$G$171) -> 0 | AE101: =(G101*U101/$G$171) -> 0
...

Sheet Отклонения от БЮДЖЕТА и ПЛАНА
A3: 385.917
A4: 36.363
A5: 23.46 | B5: Стоимость в январе, руб./т | C5: 2 блок | J5: 62.169 | Q5: 221.697
G6: 225.216 | N6: 225.216 | U6: 225.216
C7: 354.246 | D7: План PRM | E7: Утв. План | F7: факт | G7: Б2025 | H7: План PRM | I7: =E7 -> Утв. План | J7: Б2026 | K7: План PRM | L7: =E7 -> Утв. План | M7: факт | N7: Б2025 | O7: План PRM | P7: =E7 -> Утв. План | Q7: Б2025 | R7: План PRM | S7: =E7 -> Утв. План | T7: факт | U7: Б2025 | V7: План PRM | W7: =E7 -> Утв. План
A8: 234.6 | G8: =+F8-C8 -> 0 | I8: =F8-E8 -> 0 | N8: =+M8-J8 -> 0 | P8: =M8-L8 -> 0 | Q8: =C8*$B$60+J8*$B$61 -> 0 | S8: =E8*$B$60+L8*$B$61 -> 0 | T8: =F8*$B$60+M8*$B$61 -> 0 | U8: =+T8-Q8 -> 0 | V8: =+T8-R8 -> 0 | W8: =T8-S8 -> 0
A9: Абашевская / Кузнецкая ГЖ (ш.Есаульская) | E9: 0 | G9: =+F9-C9 -> 0 | I9: =F9-E9 -> 0 | L9: 0 | N9: =+M9-J9 -> 0 | P9: =M9-L9 -> 0 | Q9: =C9*$B$60+J9*$B$61 -> 0 | S9: =E9*$B$60+L9*$B$61 -> 0 | T9: =F9*$B$60+M9*$B$61 -> 0 | U9: =+T9-Q9 -> 0 | V9: =+T9-R9 -> 0 | W9: =T9-S9 -> 0
A10: Распадская ГЖ | B10: 9763.8643 | C10: 14.05254 | E10: ='2 блок'!D20 -> 10 | F10: ='2 блок'!E20 -> 11.183673 | G10: =+F10-C10 -> -0.79632653 | I10: =F10-E10 -> 1.1836735 | J10: 36.30435 | L10: ='3 блок'!D21 -> 36 | M10: ='3 блок'!E21 -> 38.530612 | N10: =+M10-J10 -> 7.5806122 | P10: =M10-L10 -> 2.5306122 | Q10: =C10*$B$60+J10*$B$61 -> 21.398605 | S10: =E10*$B$60+L10*$B$61 -> 22.909 | T10: =F10*$B$60+M10*$B$61 -> 24.761429 | U10: =+T10-Q10 -> 3.3628236 | V10: =+T10-R10 -> 24.761429 | W10: =T10-S10 -> 1.8524286
A11: Кузнецкая ГЖ+Ж | B11: 16279.598 | G11: =+F11-C11 -> 0 | I11: =F11-E11 -> 0 | N11: =+M11-J11 -> 0 | P11: =M11-L11 -> 0 | Q11: =C11*$B$60+J11*$B$61 -> 0 | S11: =E11*$B$60+L11*$B$61 -> 0 | T11: =F11*$B$60+M11*$B$61 -> 0 | U11: =+T11-Q11 -> 0 | V11: =+T11-R11 -> 0 | W11: =T11-S11 -> 0
A12: Абашевская ГЖ+Ж | B12: 16763.46 | G12: =+F12-C12 -> 0 | I12: =F12-E12 -> 0 | N12: =+M12-J12 -> 0 | P12: =M12-L12 -> 0 | Q12: =C12*$B$60+J12*$B$61 -> 0 | S12: =E12*$B$60+L12*$B$61 -> 0 | T12: =F12*$B$60+M12*$B$61 -> 0 | U12: =+T12-Q12 -> 0 | V12: =+T12-R12 -> 0 | W12: =T12-S12 -> 0
A13: Распадская ГЖ+Ж | B13: 16763.46 | G13: =+F13-C13 -> 0 | I13: =F13-E13 -> 0 | N13: =+M13-J13 -> 0 | P13: =M13-L13 -> 0 | Q13: =C13*$B$60+J13*$B$61 -> 0 | S13: =E13*$B$60+L13*$B$61 -> 0 | T13: =F13*$B$60+M13*$B$61 -> 0 | U13: =+T13-Q13 -> 0 | V13: =+T13-R13 -> 0 | W13: =T13-S13 -> 0
A14: 215.832 | G14: =+F14-C14 -> 0 | I14: =F14-E14 -> 0 | N14: =+M14-J14 -> 0 | P14: =M14-L14 -> 0 | Q14: =C14*$B$60+J14*$B$61 -> 0 | U14: =+T14-Q14 -> 0 | V14: =+T14-R14 -> 0 | W14: =T14-S14 -> 0
A15: 214.659 | G15: =+F15-C15 -> 0 | I15: =F15-E15 -> 0 | N15: =+M15-J15 -> 0 | P15: =M15-L15 -> 0 | Q15: =C15*$B$60+J15*$B$61 -> 0 | U15: =+T15-Q15 -> 0 | V15: =+T15-R15 -> 0 | W15: =T15-S15 -> 0
A16: 227.562 | E16: 0 | G16: =+F16-C16 -> 0 | I16: =F16-E16 -> 0 | L16: 0 | N16: =+M16-J16 -> 0 | P16: =M16-L16 -> 0 | Q16: =C16*$B$60+J16*$B$61 -> 0 | S16: =E16*$B$60+L16*$B$61 -> 0 | T16: =F16*$B$60+M16*$B$61 -> 0 | U16: =+T16-Q16 -> 0 | V16: =+T16-R16 -> 0 | W16: =T16-S16 -> 0
A17: 307.326 | B17: 14261.803 | C17: =16.89+0.25 -> 17.14 | E17: ='2 блок'!D39+'2 блок'!D44+'2 блок'!D47 -> 19 | F17: ='2 блок'!E39+'2 блок'!E44+'2 блок'!E47 -> 19.530612 | G17: =+F17-C17 -> 2.3906122 | I17: =F17-E17 -> 0.53061224 | J17: =7.48+0.08 -> 7.56 | L17: ='3 блок'!D51+'3 блок'!D55+'3 блок'!D48 -> 3 | M17: ='3 блок'!E48+'3 блок'!E51+'3 блок'!E55 -> 0.81632653 | N17: =+M17-J17 -> -6.7436735 | P17: =M17-L17 -> -2.1836735 | Q17: =C17*$B$60+J17*$B$61 -> 12.38353 | S17: =E17*$B$60+L17*$B$61 -> 11.056 | T17: =F17*$B$60+M17*$B$61 -> 10.238969 | U17: =+T17-Q17 -> -2.1445606 | V17: =+T17-R17 -> 10.238969 | W17: =T17-S17 -> -0.81703061
B18: 13945.844 | G18: =+F18-C18 -> 0 | I18: =F18-E18 -> 0 | N18: =+M18-J18 -> 0 | P18: =M18-L18 -> 0 | Q18: =C18*$B$60+J18*$B$61 -> 0 | S18: =E18*$B$60+L18*$B$61 -> 0 | T18: =F18*$B$60+M18*$B$61 -> 0 | U18: =+T18-Q18 -> 0 | V18: =+T18-R18 -> 0 | W18: =T18-S18 -> 0
B19: 16311.738 | G19: =+F19-C19 -> 0 | I19: =F19-E19 -> 0 | N19: =+M19-J19 -> 0 | P19: =M19-L19 -> 0 | Q19: =C19*$B$60+J19*$B$61 -> 0 | S19: =E19*$B$60+L19*$B$61 -> 0 | T19: =F19*$B$60+M19*$B$61 -> 0 | U19: =+T19-Q19 -> 0 | V19: =+T19-R19 -> 0 | W19: =T19-S19 -> 0
A20: 194.718 | B20: 16311.738 | G20: =+F20-C20 -> 0 | I20: =F20-E20 -> 0 | N20: =+M20-J20 -> 0 | P20: =M20-L20 -> 0 | Q20: =C20*$B$60+J20*$B$61 -> 0 | U20: =+T20-Q20 -> 0 | V20: =+T20-R20 -> 0 | W20: =T20-S20 -> 0
A21: 121.992 | B21: 13088.803 | E21: 0 | G21: =+F21-C21 -> 0 | I21: =F21-E21 -> 0 | L21: 0 | N21: =+M21-J21 -> 0 | P21: =M21-L21 -> 0 | Q21: =C21*$B$60+J21*$B$61 -> 0 | S21: =E21*$B$60+L21*$B$61 -> 0 | T21: =F21*$B$60+M21*$B$61 -> 0 | U21: =+T21-Q21 -> 0 | V21: =+T21-R21 -> 0 | W21: =T21-S21 -> 0
A22: 119.646 | B22: 16196.033 | G22: =+F22-C22 -> 0 | I22: =F22-E22 -> 0 | N22: =+M22-J22 -> 0 | P22: =M22-L22 -> 0 | Q22: =C22*$B$60+J22*$B$61 -> 0 | S22: =E22*$B$60+L22*$B$61 -> 0 | T22: =F22*$B$60+M22*$B$61 -> 0 | U22: =+T22-Q22 -> 0 | V22: =+T22-R22 -> 0 | W22: =T22-S22 -> 0
A23: 285.039 | E23: 0 | G23: =+F23-C23 -> 0 | I23: =F23-E23 -> 0 | L23: ='3 блок'!D76 -> 0 | N23: =+M23-J23 -> 0 | P23: =M23-L23 -> 0 | Q23: =C23*$B$60+J23*$B$61 -> 0 | S23: =E23*$B$60+L23*$B$61 -> 0 | T23: =F23*$B$60+M23*$B$61 -> 0 | U23: =+T23-Q23 -> 0 | V23: =+T23-R23 -> 0 | W23: =T23-S23 -> 0
A24: 224.043 | G24: =+F24-C24 -> 0 | I24: =F24-E24 -> 0 | N24: =+M24-J24 -> 0 | P24: =M24-L24 -> 0 | Q24: =C24*$B$60+J24*$B$61 -> 0 | S24: =E24*$B$60+L24*$B$61 -> 0 | T24: =F24*$B$60+M24*$B$61 -> 0 | U24: =+T24-Q24 -> 0 | V24: =+T24-R24 -> 0 | W24: =T24-S24 -> 0
A25: 217.005 | G25: =+F25-C25 -> 0 | I25: =F25-E25 -> 0 | N25: =+M25-J25 -> 0 | P25: =M25-L25 -> 0 | Q25: =C25*$B$60+J25*$B$61 -> 0 | S25: =E25*$B$60+L25*$B$61 -> 0 | T25: =F25*$B$60+M25*$B$61 -> 0 | U25: =+T25-Q25 -> 0 | V25: =+T25-R25 -> 0 | W25: =T25-S25 -> 0
A26: 218.178 | G26: =+F26-C26 -> 0 | I26: =F26-E26 -> 0 | N26: =+M26-J26 -> 0 | P26: =M26-L26 -> 0 | Q26: =C26*$B$60+J26*$B$61 -> 0 | S26: =E26*$B$60+L26*$B$61 -> 0 | T26: =F26*$B$60+M26*$B$61 -> 0 | U26: =+T26-Q26 -> 0 | V26: =+T26-R26 -> 0 | W26: =T26-S26 -> 0
A27: 337.824 | B27: 13632.066 | E27: ='2 блок'!D58 -> 0 | G27: =+F27-C27 -> 0 | I27: =F27-E27 -> 0 | N27: =+M27-J27 -> 0 | P27: =M27-L27 -> 0 | Q27: =C27*$B$60+J27*$B$61 -> 0 | S27: =E27*$B$60+L27*$B$61 -> 0 | T27: =F27*$B$60+M27*$B$61 -> 0 | U27: =+T27-Q27 -> 0 | V27: =+T27-R27 -> 0 | W27: =T27-S27 -> 0
A28: 163.047 | G28: =+F28-C28 -> 0 | I28: =F28-E28 -> 0 | N28: =+M28-J28 -> 0 | P28: =M28-L28 -> 0 | Q28: =C28*$B$60+J28*$B$61 -> 0 | S28: =E28*$B$60+L28*$B$61 -> 0 | T28: =F28*$B$60+M28*$B$61 -> 0 | U28: =+T28-Q28 -> 0 | V28: =+T28-R28 -> 0 | W28: =T28-S28 -> 0
A29: 138.414 | B29: 12279.034 | C29: 33.58299 | E29: ='2 блок'!D61 -> 30 | F29: ='2 блок'!E61 -> 25.142857 | G29: =+F29-C29 -> -3.4871429 | I29: =F29-E29 -> -4.8571429 | J29: 32.01117 | L29: ='3 блок'!D84 -> 20 | M29: ='3 блок'!E84 -> 16.857143 | N29: =+M29-J29 -> -10.432857 | P29: =M29-L29 -> -3.1428571 | Q29: =C29*$B$60+J29*$B$61 -> 27.96469 | S29: =E29*$B$60+L29*$B$61 -> 25.035 | T29: =F29*$B$60+M29*$B$61 -> 21.029 | U29: =+T29-Q29 -> -6.93569 | V29: =+T29-R29 -> 21.029 | W29: =T29-S29 -> -4.006
A30: 219.351 | G30: =+F30-C30 -> 0 | I30: =F30-E30 -> 0 | N30: =+M30-J30 -> 0 | P30: =M30-L30 -> 0 | Q30: =C30*$B$60+J30*$B$61 -> 0 | S30: =E30*$B$60+L30*$B$61 -> 0 | T30: =F30*$B$60+M30*$B$61 -> 0 | U30: =+T30-Q30 -> 0 | V30: =+T30-R30 -> 0 | W30: =T30-S30 -> 0
A31: 220.524 | G31: =+F31-C31 -> 0 | I31: =F31-E31 -> 0 | N31: =+M31-J31 -> 0 | P31: =M31-L31 -> 0 | Q31: =C31*$B$60+J31*$B$61 -> 0 | S31: =E31*$B$60+L31*$B$61 -> 0 | T31: =F31*$B$60+M31*$B$61 -> 0 | U31: =+T31-Q31 -> 0 | V31: =+T31-R31 -> 0 | W31: =T31-S31 -> 0
A32: 114.954 | G32: =+F32-C32 -> 0 | I32: =F32-E32 -> 0 | N32: =+M32-J32 -> 0 | P32: =M32-L32 -> 0 | Q32: =C32*$B$60+J32*$B$61 -> 0 | S32: =E32*$B$60+L32*$B$61 -> 0 | T32: =F32*$B$60+M32*$B$61 -> 0 | U32: =+T32-Q32 -> 0 | V32: =+T32-R32 -> 0 | W32: =T32-S32 -> 0
A33: 288.558 | E33: 0 | G33: =+F33-C33 -> 0 | I33: =F33-E33 -> 0 | N33: =+M33-J33 -> 0 | P33: =M33-L33 -> 0 | Q33: =C33*$B$60+J33*$B$61 -> 0 | S33: =E33*$B$60+L33*$B$61 -> 0 | T33: =F33*$B$60+M33*$B$61 -> 0 | U33: =+T33-Q33 -> 0 | V33: =+T33-R33 -> 0 | W33: =T33-S33 -> 0
A34: 145.452 | B34: 15416.739 | G34: =+F34-C34 -> 0 | I34: =F34-E34 -> 0 | N34: =+M34-J34 -> 0 | P34: =M34-L34 -> 0 | Q34: =C34*$B$60+J34*$B$61 -> 0 | S34: =E34*$B$60+L34*$B$61 -> 0 | T34: =F34*$B$60+M34*$B$61 -> 0 | U34: =+T34-Q34 -> 0 | V34: =+T34-R34 -> 0 | W34: =T34-S34 -> 0
A35: 351.9 | B35: ='2 блок'!C72 -> 12162.13 | C35: 7.14357 | E35: ='2 блок'!D67+'2 блок'!D72 -> 9 | F35: ='2 блок'!E72+'2 блок'!E67 -> 8.2244898 | G35: =+F35-C35 -> 2.1344898 | I35: =F35-E35 -> -0.7755102 | J35: 5.79462 | L35: ='3 блок'!D100+'3 блок'!D102 -> 0 | M35: ='3 блок'!E100+'3 блок'!E102 -> 0 | N35: =+M35-J35 -> -4.94 | P35: =M35-L35 -> 0 | Q35: =C35*$B$60+J35*$B$61 -> 5.519025 | S35: =E35*$B$60+L35*$B$61 -> 4.5315 | T35: =F35*$B$60+M35*$B$61 -> 4.1410306 | U35: =+T35-Q35 -> -1.3779944 | V35: =+T35-R35 -> 4.1410306 | W35: =T35-S35 -> -0.39046939
A36: 272.136 | E36: ='2 блок'!D79 -> 0 | G36: =+F36-C36 -> 0 | I36: =F36-E36 -> 0 | N36: =+M36-J36 -> 0 | P36: =M36-L36 -> 0 | Q36: =C36*$B$60+J36*$B$61 -> 0 | S36: =E36*$B$60+L36*$B$61 -> 0 | T36: =F36*$B$60+M36*$B$61 -> 0 | U36: =+T36-Q36 -> 0 | V36: =+T36-R36 -> 0 | W36: =T36-S36 -> 0
A37: 276.828 | B37: 15241.458 | C37: 0.21114 | E37: ='2 блок'!D82 -> 0 | F37: ='2 блок'!E82 -> 0 | G37: =+F37-C37 -> -0.18 | I37: =F37-E37 -> 0 | N37: =+M37-J37 -> 0 | P37: =M37-L37 -> 0 | Q37: =C37*$B$60+J37*$B$61 -> 0.09063 | S37: =E37*$B$60+L37*$B$61 -> 0 | T37: =F37*$B$60+M37*$B$61 -> 0 | U37: =+T37-Q37 -> -0.09063 | V37: =+T37-R37 -> 0 | W37: =T37-S37 -> 0
A38: 300.288 | B38: 14825.101 | C38: 7.56585 | E38: ='2 блок'!D76 -> 0 | F38: ='2 блок'!E76 -> 0 | G38: =+F38-C38 -> -6.45 | I38: =F38-E38 -> 0 | N38: =+M38-J38 -> 0 | P38: =M38-L38 -> 0 | Q38: =C38*$B$60+J38*$B$61 -> 3.247575 | S38: =E38*$B$60+L38*$B$61 -> 0 | T38: =F38*$B$60+M38*$B$61 -> 0 | U38: =+T38-Q38 -> -3.247575 | V38: =+T38-R38 -> 0 | W38: =T38-S38 -> 0
A39: 95.013 | B39: 11756.181 | C39: 17.81787 | E39: ='2 блок'!D84 -> 15 | F39: ='2 блок'!E84 -> 15.918367 | G39: =+F39-C39 -> 0.72836735 | I39: =F39-E39 -> 0.91836735 | J39: 18.07593 | L39: ='3 блок'!D111 -> 10 | M39: ='3 блок'!E111 -> 6.8163265 | N39: =+M39-J39 -> -8.5936735 | P39: =M39-L39 -> -3.1836735 | Q39: =C39*$B$60+J39*$B$61 -> 15.29923 | S39: =E39*$B$60+L39*$B$61 -> 12.5175 | T39: =F39*$B$60+M39*$B$61 -> 11.399204 | U39: =+T39-Q39 -> -3.9000259 | V39: =+T39-R39 -> 11.399204 | W39: =T39-S39 -> -1.1182959
A40: 292.077 | B40: 11023.056 | F40: ='2 блок'!E90 -> 0 | G40: =+F40-C40 -> 0 | I40: =F40-E40 -> 0 | L40: ='3 блок'!D125 -> 0 | M40: ='3 блок'!E125 -> 0 | N40: =+M40-J40 -> 0 | P40: =M40-L40 -> 0 | Q40: =C40*$B$60+J40*$B$61 -> 0 | S40: =E40*$B$60+L40*$B$61 -> 0 | T40: =F40*$B$60+M40*$B$61 -> 0 | U40: =+T40-Q40 -> 0 | V40: =+T40-R40 -> 0 | W40: =T40-S40 -> 0
A41: 117.3 | B41: 11252.659 | C41: 3.81225 | E41: ='2 блок'!D94 -> 5 | F41: ='2 блок'!E94 -> 8.5306122 | G41: =+F41-C41 -> 5.2806122 | I41: =F41-E41 -> 3.5306122 | J41: 3.81225 | L41: ='3 блок'!D128 -> 9 | M41: ='3 блок'!E128 -> 5.6122449 | N41: =+M41-J41 -> 2.3622449 | P41: =M41-L41 -> -3.3877551 | Q41: =C41*$B$60+J41*$B$61 -> 3.25 | S41: =E41*$B$60+L41*$B$61 -> 6.986 | T41: =F41*$B$60+M41*$B$61 -> 7.0816429 | U41: =+T41-Q41 -> 3.8316429 | V41: =+T41-R41 -> 7.0816429 | W41: =T41-S41 -> 0.095642857
A42: 296.769 | B42: 11455.717 | C42: 9.45438 | E42: ='2 блок'!D105 -> 9 | F42: ='2 блок'!E105 -> 8.2244898 | G42: =+F42-C42 -> 0.1644898 | I42: =F42-E42 -> -0.7755102 | J42: 8.87961 | L42: ='3 блок'!D142 -> 10 | M42: ='3 блок'!E142 -> 16.285714 | N42: =+M42-J42 -> 8.7157143 | P42: =M42-L42 -> 6.2857143 | Q42: =C42*$B$60+J42*$B$61 -> 7.816715 | S42: =E42*$B$60+L42*$B$61 -> 9.4965 | T42: =F42*$B$60+M42*$B$61 -> 12.226888 | U42: =+T42-Q42 -> 4.4101728 | V42: =+T42-R42 -> 12.226888 | W42: =T42-S42 -> 2.7303878
A43: 297.942 | G43: =+F43-C43 -> 0 | I43: =F43-E43 -> 0 | N43: =+M43-J43 -> 0 | P43: =M43-L43 -> 0 | Q43: =C43*$B$60+J43*$B$61 -> 0 | S43: =E43*$B$60+L43*$B$61 -> 0 | T43: =F43*$B$60+M43*$B$61 -> 0 | U43: =+T43-Q43 -> 0 | V43: =+T43-R43 -> 0 | W43: =T43-S43 -> 0
A44: 299.115 | G44: =+F44-C44 -> 0 | I44: =F44-E44 -> 0 | N44: =+M44-J44 -> 0 | P44: =M44-L44 -> 0 | Q44: =C44*$B$60+J44*$B$61 -> 0 | S44: =E44*$B$60+L44*$B$61 -> 0 | T44: =F44*$B$60+M44*$B$61 -> 0 | U44: =+T44-Q44 -> 0 | V44: =+T44-R44 -> 0 | W44: =T44-S44 -> 0
A45: 295.596 | G45: =+F45-C45 -> 0 | I45: =F45-E45 -> 0 | N45: =+M45-J45 -> 0 | P45: =M45-L45 -> 0 | Q45: =C45*$B$60+J45*$B$61 -> 0 | S45: =E45*$B$60+L45*$B$61 -> 0 | T45: =F45*$B$60+M45*$B$61 -> 0 | U45: =+T45-Q45 -> 0 | V45: =+T45-R45 -> 0 | W45: =T45-S45 -> 0
A46: 131.376 | B46: 9234.2314 | C46: 3.55419 | E46: ='2 блок'!D113 -> 0 | F46: ='2 блок'!E113 -> 0.06122449 | G46: =+F46-C46 -> -2.9687755 | I46: =F46-E46 -> 0.06122449 | J46: 3.55419 | L46: ='3 блок'!D154 -> 0 | M46: ='3 блок'!E154 -> 0.65306122 | N46: =+M46-J46 -> -2.3769388 | P46: =M46-L46 -> 0.65306122 | Q46: =C46*$B$60+J46*$B$61 -> 3.03 | S46: =E46*$B$60+L46*$B$61 -> 0 | T46: =F46*$B$60+M46*$B$61 -> 0.35507143 | U46: =+T46-Q46 -> -2.6749286 | V46: =+T46-R46 -> 0.35507143 | W46: =T46-S46 -> 0.35507143
A47: Междуреченская КС | G47: =+F47-C47 -> 0 | I47: =F47-E47 -> 0 | N47: =+M47-J47 -> 0 | P47: =M47-L47 -> 0 | Q47: =C47*$B$60+J47*$B$61 -> 0 | S47: =E47*$B$60+L47*$B$61 -> 0 | T47: =F47*$B$60+M47*$B$61 -> 0 | U47: =+T47-Q47 -> 0 | V47: =+T47-R47 -> 0 | W47: =T47-S47 -> 0
A48: Сибирь КС | B48: 9930.8174 | E48: ='2 блок'!D117 -> 3 | F48: ='2 блок'!E117 -> 3.1836735 | G48: =+F48-C48 -> 3.1836735 | I48: =F48-E48 -> 0.18367347 | L48: ='3 блок'!D160 -> 12 | M48: ='3 блок'!E160 -> 14.428571 | N48: =+M48-J48 -> 14.428571 | P48: =M48-L48 -> 2.4285714 | Q48: =C48*$B$60+J48*$B$61 -> 0 | S48: =E48*$B$60+L48*$B$61 -> 7.4685 | T48: =F48*$B$60+M48*$B$61 -> 8.7667653 | U48: =+T48-Q48 -> 8.7667653 | V48: =+T48-R48 -> 8.7667653 | W48: =T48-S48 -> 1.2982653
A49: Распадская ГЖ+остатки углеродсодержащие | B49: 9763.8643 | G49: =+F49-C49 -> 0 | I49: =F49-E49 -> 0 | L49: ='3 блок'!D169 -> 0 | N49: =+M49-J49 -> 0 | P49: =M49-L49 -> 0 | Q49: =C49*$B$60+J49*$B$61 -> 0 | S49: =E49*$B$60+L49*$B$61 -> 0 | T49: =F49*$B$60+M49*$B$61 -> 0 | U49: =+T49-Q49 -> 0 | V49: =+T49-R49 -> 0 | W49: =T49-S49 -> 0
A50: 236.946 | G50: =+F50-C50 -> 0 | I50: =F50-E50 -> 0 | N50: =+M50-J50 -> 0 | P50: =M50-L50 -> 0 | Q50: =C50*$B$60+J50*$B$61 -> 0 | S50: =E50*$B$60+L50*$B$61 -> 0 | T50: =F50*$B$60+M50*$B$61 -> 0 | U50: =+T50-Q50 -> 0 | V50: =+T50-R50 -> 0 | W50: =T50-S50 -> 0
A51: 78.591 | C51: =SUM(C8:C50) -> 100 | D51: =SUM(D8:D50) -> 0 | E51: =SUM(E8:E50) -> 100 | F51: =SUM(F8:F50) -> 100 | J51: =SUM(J8:J50) -> 100 | K51: =SUM(K8:K50) -> 0 | L51: =SUM(L8:L50) -> 100 | M51: =SUM(M8:M50) -> 100 | Q51: =SUM(Q8:Q50) -> 100 | R51: =SUM(R8:R50) -> 0 | S51: =SUM(S8:S50) -> 100 | T51: =SUM(T8:T50) -> 100
A52: 207.621 | C52: =IF(C55+C53=100," ","ПРОВЕРЬ СОСТАВ!!!") | D52: =IF(D55+D53=100," ","ПРОВЕРЬ СОСТАВ!!!") -> ПРОВЕРЬ СОСТАВ!!! | E52: =IF(E55+E53=100," ","ПРОВЕРЬ СОСТАВ!!!") | F52: =IF(F55+F53=100," ","ПРОВЕРЬ СОСТАВ!!!") | J52: =IF(J55+J53=100," ","ПРОВЕРЬ СОСТАВ!!!") | K52: =IF(K55+K53=100," ","ПРОВЕРЬ СОСТАВ!!!") -> ПРОВЕРЬ СОСТАВ!!! | L52: =IF(L55+L53=100," ","ПРОВЕРЬ СОСТАВ!!!") | M52: =IF(M55+M53=100," ","ПРОВЕРЬ СОСТАВ!!!") | Q52: =IF(Q55+Q53=100," ","ПРОВЕРЬ СОСТАВ!!!") | R52: =IF(R55+R53=100," ","ПРОВЕРЬ СОСТАВ!!!") -> ПРОВЕРЬ СОСТАВ!!! | S52: =IF(S55+S53=100," ","ПРОВЕРЬ СОСТАВ!!!") | T52: =IF(T55+T53=100," ","ПРОВЕРЬ СОСТАВ!!!")
A53: 31.671 | C53: =SUM(C8:C27)+SUM(C28:C31)/2+SUM(C49:C50) -> 43.435 | D53: =SUM(D8:D27)+SUM(D28:D31)/2+SUM(D49:D50) -> 0 | E53: =SUM(E8:E27)+SUM(E28:E31)/2+SUM(E49:E50) -> 44 | F53: =SUM(F8:F27)+SUM(F28:F31)/2+SUM(F49:F50) -> 43.285714 | J53: =SUM(J8:J27)+SUM(J28:J31)/2+SUM(J49:J50) -> 52.155 | K53: =SUM(K8:K27)+SUM(K28:K31)/2+SUM(K49:K50) -> 0 | L53: =SUM(L8:L27)+SUM(L28:L31)/2+SUM(L49:L50) -> 49 | M53: =SUM(M8:M27)+SUM(M28:M31)/2+SUM(M49:M50) -> 47.77551 | Q53: =SUM(Q8:Q27)+SUM(Q28:Q31)/2+SUM(Q49:Q50) -> 47.76448 | R53: =SUM(R8:R27)+SUM(R28:R31)/2+SUM(R49:R50) -> 0 | S53: =SUM(S8:S27)+SUM(S28:S31)/2+SUM(S49:S50) -> 46.4825 | T53: =SUM(T8:T27)+SUM(T28:T31)/2+SUM(T49:T50) -> 45.514898
A54: 51.612 | C54: =SUM(C16:C27)+SUM(C11:C15)*0.2+C49*0.75+C50*0.15 -> 17.14 | D54: =SUM(D16:D27)+SUM(D11:D15)*0.2+D49*0.75+D50*0.15 -> 0 | E54: =SUM(E16:E27)+SUM(E11:E15)*0.2+E49*0.75+E50*0.15 -> 19 | F54: =SUM(F16:F27)+SUM(F11:F15)*0.2+F49*0.75+F50*0.15 -> 19.530612 | J54: =SUM(J16:J27)+SUM(J11:J15)*0.2+J49*0.75+J50*0.15 -> 7.56 | K54: =SUM(K16:K27)+SUM(K11:K15)*0.2+K49*0.75+K50*0.15 -> 0 | L54: =SUM(L16:L27)+SUM(L11:L15)*0.2+L49*0.75+L50*0.15 -> 3 | M54: =SUM(M16:M27)+SUM(M11:M15)*0.2+M49*0.75+M50*0.15 -> 0.81632653 | Q54: =SUM(Q16:Q27)+SUM(Q11:Q15)*0.2+Q49*0.75+Q50*0.15 -> 12.38353 | R54: =SUM(R16:R27)+SUM(R11:R15)*0.2+R49*0.75+R50*0.15 -> 0 | S54: =SUM(S16:S27)+SUM(S11:S15)*0.2+S49*0.75+S50*0.15 -> 11.056 | T54: =SUM(T16:T27)+SUM(T11:T15)*0.2+T49*0.75+T50*0.15 -> 10.238969
A55: 32.844 | C55: =SUM(C32:C48)+SUM(C28:C31)/2 -> 56.565 | D55: =SUM(D32:D48)+SUM(D28:D31)/2 -> 0 | E55: =SUM(E32:E48)+SUM(E28:E31)/2 -> 56 | F55: =SUM(F32:F48)+SUM(F28:F31)/2 -> 56.714286 | J55: =SUM(J32:J48)+SUM(J28:J31)/2 -> 47.845 | K55: =SUM(K32:K48)+SUM(K28:K31)/2 -> 0 | L55: =SUM(L32:L48)+SUM(L28:L31)/2 -> 51 | M55: =SUM(M32:M48)+SUM(M28:M31)/2 -> 52.22449 | Q55: =SUM(Q32:Q48)+SUM(Q28:Q31)/2 -> 52.23552 | R55: =SUM(R32:R48)+SUM(R28:R31)/2 -> 0 | S55: =SUM(S32:S48)+SUM(S28:S31)/2 -> 53.5175 | T55: =SUM(T32:T48)+SUM(T28:T31)/2 -> 54.485102
A56: 34.017 | C56: =SUM(C28:C44) -> 67.85 | D56: =SUM(D28:D44) -> 0 | E56: =SUM(E28:E44) -> 68 | F56: =SUM(F28:F44) -> 66.040816 | J56: =SUM(J28:J44) -> 58.46 | K56: =SUM(K28:K44) -> 0 | L56: =SUM(L28:L44) -> 49 | M56: =SUM(M28:M44) -> 45.571429 | Q56: =SUM(Q28:Q44) -> 63.187865 | R56: =SUM(R28:R44) -> 0 | S56: =SUM(S28:S44) -> 58.5665 | T56: =SUM(T28:T44) -> 55.877765
A57: 87.975 | C57: =SUMPRODUCT($B$8:$B$50,C8:C50)/C51 -> 10517.254 | D57: =SUMPRODUCT($B$8:$B$50,D8:D50)/D51 -> #DIV/0! | E57: =SUMPRODUCT($B$8:$B$50,E8:E50)/E51 -> 10493.431 | F57: =SUMPRODUCT($B$8:$B$50,F8:F50)/F51 -> 10429.073 | G57: =+F57-C57 -> -88.181286 | I57: =F57-E57 -> -64.358427 | J57: =SUMPRODUCT($B$8:$B$50,J8:J50)/J51 -> 9786.9906 | K57: =SUMPRODUCT($B$8:$B$50,K8:K50)/K51 -> #DIV/0! | L57: =SUMPRODUCT($B$8:$B$50,L8:L50)/L51 -> 9313.1112 | M57: =SUMPRODUCT($B$8:$B$50,M8:M50)/M51 -> 9156.0837 | N57: =+M57-J57 -> -630.90698 | P57: =M57-L57 -> -157.02754 | Q57: =SUMPRODUCT($B$8:$B$50,Q8:Q50)/Q51 -> 10154.678 | R57: =SUMPRODUCT($B$8:$B$50,R8:R50)/R51 -> #DIV/0! | S57: =SUMPRODUCT($B$8:$B$50,S8:S50)/S51 -> 9907.4023 | T57: =SUMPRODUCT($B$8:$B$50,T8:T50)/T51 -> 9797.0336 | U57: =+T57-Q57 -> -357.64459 | V57: =+T57-R57 -> #DIV/0! | W57: =T57-S57 -> -110.36864
A59: 222.87
A60: 22.287 | B60: 0.5035
A61: 62.169 | B61: 0.4965
A62: 327.267 | F62: =F8+F9+F10+F16+F17+F21+F23+F35+F36+F39+F40+F42+F46+F49+F37+F48 -> 66.326531 | M62: =M8+M9+M10+M16+M17+M21+M23+M35+M36+M39+M40+M42+M46+M49+M37+M48 -> 77.530612 | T62: =T8+T9+T10+T16+T17+T21+T23+T35+T36+T39+T40+T42+T46+T49+T37+T48 -> 71.889357
C63: 156.009
